id,item_id,dept_id,cat_id,store_id,state_id,d,sales,d_num,date,wm_yr_wk,weekday,wday,month,year,event_name_1,event_type_1,event_name_2,event_type_2,snap_CA,snap_TX,snap_WI,sell_price
FOODS_1_001_CA_1_evaluation,FOODS_1_001,FOODS_1,FOODS,CA_1,CA,d_1,3,1,2011-01-29,11101,Saturday,1,1,2011,,,,,0,0,0,2.0
FOODS_1_002_CA_1_evaluation,FOODS_1_002,FOODS_1,FOODS,CA_1,CA,d_1,0,1,2011-01-29,11101,Saturday,1,1,2011,,,,,0,0,0,7.88
FOODS_1_003_CA_1_evaluation,FOODS_1_003,FOODS_1,FOODS,CA_1,CA,d_1,0,1,2011-01-29,11101,Saturday,1,1,2011,,,,,0,0,0,2.88
FOODS_1_004_CA_1_evaluation,FOODS_1_004,FOODS_1,FOODS,CA_1,CA,d_1,0,1,2011-01-29,11101,Saturday,1,1,2011,,,,,0,0,0,1.78
FOODS_1_005_CA_1_evaluation,FOODS_1_005,FOODS_1,FOODS,CA_1,CA,d_1,3,1,2011-01-29,11101,Saturday,1,1,2011,,,,,0,0,0,2.94
FOODS_1_006_CA_1_evaluation,FOODS_1_006,FOODS_1,FOODS,CA_1,CA,d_1,0,1,2011-01-29,11101,Saturday,1,1,2011,,,,,0,0,0,1.97
FOODS_1_008_CA_1_evaluation,FOODS_1_008,FOODS_1,FOODS,CA_1,CA,d_1,0,1,2011-01-29,11101,Saturday,1,1,2011,,,,,0,0,0,3.28
FOODS_1_009_CA_1_evaluation,FOODS_1_009,FOODS_1,FOODS,CA_1,CA,d_1,0,1,2011-01-29,11101,Saturday,1,1,2011,,,,,0,0,0,2.68
FOODS_1_010_CA_1_evaluation,FOODS_1_010,FOODS_1,FOODS,CA_1,CA,d_1,0,1,2011-01-29,11101,Saturday,1,1,2011,,,,,0,0,0,5.09
FOODS_1_011_CA_1_evaluation,FOODS_1_011,FOODS_1,FOODS,CA_1,CA,d_1,2,1,2011-01-29,11101,Saturday,1,1,2011,,,,,0,0,0,2.28
FOODS_1_012_CA_1_evaluation,FOODS_1_012,FOODS_1,FOODS,CA_1,CA,d_1,0,1,2011-01-29,11101,Saturday,1,1,2011,,,,,0,0,0,6.08
FOODS_1_013_CA_1_evaluation,FOODS_1_013,FOODS_1,FOODS,CA_1,CA,d_1,2,1,2011-01-29,11101,Saturday,1,1,2011,,,,,0,0,0,1.25
FOODS_1_014_CA_1_evaluation,FOODS_1_014,FOODS_1,FOODS,CA_1,CA,d_1,0,1,2011-01-29,11101,Saturday,1,1,2011,,,,,0,0,0,0.98
FOODS_1_015_CA_1_evaluation,FOODS_1_015,FOODS_1,FOODS,CA_1,CA,d_1,0,1,2011-01-29,11101,Saturday,1,1,2011,,,,,0,0,0,2.78
FOODS_1_016_CA_1_evaluation,FOODS_1_016,FOODS_1,FOODS,CA_1,CA,d_1,4,1,2011-01-29,11101,Saturday,1,1,2011,,,,,0,0,0,1.96
FOODS_1_017_CA_1_evaluation,FOODS_1_017,FOODS_1,FOODS,CA_1,CA,d_1,0,1,2011-01-29,11101,Saturday,1,1,2011,,,,,0,0,0,2.68
FOODS_1_018_CA_1_evaluation,FOODS_1_018,FOODS_1,FOODS,CA_1,CA,d_1,17,1,2011-01-29,11101,Saturday,1,1,2011,,,,,0,0,0,1.0
FOODS_1_019_CA_1_evaluation,FOODS_1_019,FOODS_1,FOODS,CA_1,CA,d_1,15,1,2011-01-29,11101,Saturday,1,1,2011,,,,,0,0,0,0.97
FOODS_1_020_CA_1_evaluation,FOODS_1_020,FOODS_1,FOODS,CA_1,CA,d_1,0,1,2011-01-29,11101,Saturday,1,1,2011,,,,,0,0,0,2.5
FOODS_1_021_CA_1_evaluation,FOODS_1_021,FOODS_1,FOODS,CA_1,CA,d_1,0,1,2011-01-29,11101,Saturday,1,1,2011,,,,,0,0,0,0.98
FOODS_1_022_CA_1_evaluation,FOODS_1_022,FOODS_1,FOODS,CA_1,CA,d_1,0,1,2011-01-29,11101,Saturday,1,1,2011,,,,,0,0,0,4.4
FOODS_1_023_CA_1_evaluation,FOODS_1_023,FOODS_1,FOODS,CA_1,CA,d_1,0,1,2011-01-29,11101,Saturday,1,1,2011,,,,,0,0,0,6.08
FOODS_1_024_CA_1_evaluation,FOODS_1_024,FOODS_1,FOODS,CA_1,CA,d_1,5,1,2011-01-29,11101,Saturday,1,1,2011,,,,,0,0,0,3.97
FOODS_1_025_CA_1_evaluation,FOODS_1_025,FOODS_1,FOODS,CA_1,CA,d_1,0,1,2011-01-29,11101,Saturday,1,1,2011,,,,,0,0,0,3.94
FOODS_1_026_CA_1_evaluation,FOODS_1_026,FOODS_1,FOODS,CA_1,CA,d_1,0,1,2011-01-29,11101,Saturday,1,1,2011,,,,,0,0,0,6.38
FOODS_1_027_CA_1_evaluation,FOODS_1_027,FOODS_1,FOODS,CA_1,CA,d_1,0,1,2011-01-29,11101,Saturday,1,1,2011,,,,,0,0,0,1.78
FOODS_1_028_CA_1_evaluation,FOODS_1_028,FOODS_1,FOODS,CA_1,CA,d_1,0,1,2011-01-29,11101,Saturday,1,1,2011,,,,,0,0,0,2.98
FOODS_1_029_CA_1_evaluation,FOODS_1_029,FOODS_1,FOODS,CA_1,CA,d_1,0,1,2011-01-29,11101,Saturday,1,1,2011,,,,,0,0,0,3.18
FOODS_1_030_CA_1_evaluation,FOODS_1_030,FOODS_1,FOODS,CA_1,CA,d_1,0,1,2011-01-29,11101,Saturday,1,1,2011,,,,,0,0,0,2.78
FOODS_1_031_CA_1_evaluation,FOODS_1_031,FOODS_1,FOODS,CA_1,CA,d_1,0,1,2011-01-29,11101,Saturday,1,1,2011,,,,,0,0,0,3.28
FOODS_1_032_CA_1_evaluation,FOODS_1_032,FOODS_1,FOODS,CA_1,CA,d_1,23,1,2011-01-29,11101,Saturday,1,1,2011,,,,,0,0,0,1.0
FOODS_1_033_CA_1_evaluation,FOODS_1_033,FOODS_1,FOODS,CA_1,CA,d_1,0,1,2011-01-29,11101,Saturday,1,1,2011,,,,,0,0,0,5.09
FOODS_1_034_CA_1_evaluation,FOODS_1_034,FOODS_1,FOODS,CA_1,CA,d_1,0,1,2011-01-29,11101,Saturday,1,1,2011,,,,,0,0,0,5.61
FOODS_1_035_CA_1_evaluation,FOODS_1_035,FOODS_1,FOODS,CA_1,CA,d_1,3,1,2011-01-29,11101,Saturday,1,1,2011,,,,,0,0,0,2.28
FOODS_1_036_CA_1_evaluation,FOODS_1_036,FOODS_1,FOODS,CA_1,CA,d_1,3,1,2011-01-29,11101,Saturday,1,1,2011,,,,,0,0,0,1.5
FOODS_1_037_CA_1_evaluation,FOODS_1_037,FOODS_1,FOODS,CA_1,CA,d_1,0,1,2011-01-29,11101,Saturday,1,1,2011,,,,,0,0,0,2.97
FOODS_1_038_CA_1_evaluation,FOODS_1_038,FOODS_1,FOODS,CA_1,CA,d_1,0,1,2011-01-29,11101,Saturday,1,1,2011,,,,,0,0,0,7.97
FOODS_1_039_CA_1_evaluation,FOODS_1_039,FOODS_1,FOODS,CA_1,CA,d_1,0,1,2011-01-29,11101,Saturday,1,1,2011,,,,,0,0,0,2.48
FOODS_1_040_CA_1_evaluation,FOODS_1_040,FOODS_1,FOODS,CA_1,CA,d_1,5,1,2011-01-29,11101,Saturday,1,1,2011,,,,,0,0,0,1.76
FOODS_1_041_CA_1_evaluation,FOODS_1_041,FOODS_1,FOODS,CA_1,CA,d_1,2,1,2011-01-29,11101,Saturday,1,1,2011,,,,,0,0,0,2.18
FOODS_1_042_CA_1_evaluation,FOODS_1_042,FOODS_1,FOODS,CA_1,CA,d_1,0,1,2011-01-29,11101,Saturday,1,1,2011,,,,,0,0,0,0.98
FOODS_1_043_CA_1_evaluation,FOODS_1_043,FOODS_1,FOODS,CA_1,CA,d_1,0,1,2011-01-29,11101,Saturday,1,1,2011,,,,,0,0,0,1.78
FOODS_1_044_CA_1_evaluation,FOODS_1_044,FOODS_1,FOODS,CA_1,CA,d_1,3,1,2011-01-29,11101,Saturday,1,1,2011,,,,,0,0,0,2.5
FOODS_1_045_CA_1_evaluation,FOODS_1_045,FOODS_1,FOODS,CA_1,CA,d_1,0,1,2011-01-29,11101,Saturday,1,1,2011,,,,,0,0,0,1.76
FOODS_1_046_CA_1_evaluation,FOODS_1_046,FOODS_1,FOODS,CA_1,CA,d_1,0,1,2011-01-29,11101,Saturday,1,1,2011,,,,,0,0,0,1.0
FOODS_1_047_CA_1_evaluation,FOODS_1_047,FOODS_1,FOODS,CA_1,CA,d_1,1,1,2011-01-29,11101,Saturday,1,1,2011,,,,,0,0,0,2.94
FOODS_1_048_CA_1_evaluation,FOODS_1_048,FOODS_1,FOODS,CA_1,CA,d_1,0,1,2011-01-29,11101,Saturday,1,1,2011,,,,,0,0,0,5.98
FOODS_1_049_CA_1_evaluation,FOODS_1_049,FOODS_1,FOODS,CA_1,CA,d_1,10,1,2011-01-29,11101,Saturday,1,1,2011,,,,,0,0,0,2.18
FOODS_1_050_CA_1_evaluation,FOODS_1_050,FOODS_1,FOODS,CA_1,CA,d_1,0,1,2011-01-29,11101,Saturday,1,1,2011,,,,,0,0,0,5.98
FOODS_1_051_CA_1_evaluation,FOODS_1_051,FOODS_1,FOODS,CA_1,CA,d_1,0,1,2011-01-29,11101,Saturday,1,1,2011,,,,,0,0,0,3.87
FOODS_1_052_CA_1_evaluation,FOODS_1_052,FOODS_1,FOODS,CA_1,CA,d_1,0,1,2011-01-29,11101,Saturday,1,1,2011,,,,,0,0,0,0.98
FOODS_1_053_CA_1_evaluation,FOODS_1_053,FOODS_1,FOODS,CA_1,CA,d_1,1,1,2011-01-29,11101,Saturday,1,1,2011,,,,,0,0,0,5.61
FOODS_1_054_CA_1_evaluation,FOODS_1_054,FOODS_1,FOODS,CA_1,CA,d_1,0,1,2011-01-29,11101,Saturday,1,1,2011,,,,,0,0,0,1.68
FOODS_1_055_CA_1_evaluation,FOODS_1_055,FOODS_1,FOODS,CA_1,CA,d_1,2,1,2011-01-29,11101,Saturday,1,1,2011,,,,,0,0,0,3.12
FOODS_1_056_CA_1_evaluation,FOODS_1_056,FOODS_1,FOODS,CA_1,CA,d_1,0,1,2011-01-29,11101,Saturday,1,1,2011,,,,,0,0,0,2.24
FOODS_1_057_CA_1_evaluation,FOODS_1_057,FOODS_1,FOODS,CA_1,CA,d_1,0,1,2011-01-29,11101,Saturday,1,1,2011,,,,,0,0,0,2.68
FOODS_1_058_CA_1_evaluation,FOODS_1_058,FOODS_1,FOODS,CA_1,CA,d_1,0,1,2011-01-29,11101,Saturday,1,1,2011,,,,,0,0,0,1.78
FOODS_1_059_CA_1_evaluation,FOODS_1_059,FOODS_1,FOODS,CA_1,CA,d_1,0,1,2011-01-29,11101,Saturday,1,1,2011,,,,,0,0,0,4.55
FOODS_1_060_CA_1_evaluation,FOODS_1_060,FOODS_1,FOODS,CA_1,CA,d_1,0,1,2011-01-29,11101,Saturday,1,1,2011,,,,,0,0,0,1.68
FOODS_1_061_CA_1_evaluation,FOODS_1_061,FOODS_1,FOODS,CA_1,CA,d_1,0,1,2011-01-29,11101,Saturday,1,1,2011,,,,,0,0,0,2.0
FOODS_1_062_CA_1_evaluation,FOODS_1_062,FOODS_1,FOODS,CA_1,CA,d_1,4,1,2011-01-29,11101,Saturday,1,1,2011,,,,,0,0,0,3.18
FOODS_1_063_CA_1_evaluation,FOODS_1_063,FOODS_1,FOODS,CA_1,CA,d_1,0,1,2011-01-29,11101,Saturday,1,1,2011,,,,,0,0,0,1.97
FOODS_1_064_CA_1_evaluation,FOODS_1_064,FOODS_1,FOODS,CA_1,CA,d_1,0,1,2011-01-29,11101,Saturday,1,1,2011,,,,,0,0,0,2.54
FOODS_1_065_CA_1_evaluation,FOODS_1_065,FOODS_1,FOODS,CA_1,CA,d_1,0,1,2011-01-29,11101,Saturday,1,1,2011,,,,,0,0,0,2.94
FOODS_1_066_CA_1_evaluation,FOODS_1_066,FOODS_1,FOODS,CA_1,CA,d_1,1,1,2011-01-29,11101,Saturday,1,1,2011,,,,,0,0,0,1.33
FOODS_1_067_CA_1_evaluation,FOODS_1_067,FOODS_1,FOODS,CA_1,CA,d_1,8,1,2011-01-29,11101,Saturday,1,1,2011,,,,,0,0,0,1.97
FOODS_1_068_CA_1_evaluation,FOODS_1_068,FOODS_1,FOODS,CA_1,CA,d_1,0,1,2011-01-29,11101,Saturday,1,1,2011,,,,,0,0,0,3.58
FOODS_1_069_CA_1_evaluation,FOODS_1_069,FOODS_1,FOODS,CA_1,CA,d_1,2,1,2011-01-29,11101,Saturday,1,1,2011,,,,,0,0,0,2.18
FOODS_1_070_CA_1_evaluation,FOODS_1_070,FOODS_1,FOODS,CA_1,CA,d_1,0,1,2011-01-29,11101,Saturday,1,1,2011,,,,,0,0,0,0.98
FOODS_1_071_CA_1_evaluation,FOODS_1_071,FOODS_1,FOODS,CA_1,CA,d_1,0,1,2011-01-29,11101,Saturday,1,1,2011,,,,,0,0,0,1.97
FOODS_1_072_CA_1_evaluation,FOODS_1_072,FOODS_1,FOODS,CA_1,CA,d_1,0,1,2011-01-29,11101,Saturday,1,1,2011,,,,,0,0,0,3.97
FOODS_1_073_CA_1_evaluation,FOODS_1_073,FOODS_1,FOODS,CA_1,CA,d_1,2,1,2011-01-29,11101,Saturday,1,1,2011,,,,,0,0,0,1.76
FOODS_1_074_CA_1_evaluation,FOODS_1_074,FOODS_1,FOODS,CA_1,CA,d_1,1,1,2011-01-29,11101,Saturday,1,1,2011,,,,,0,0,0,2.18
FOODS_1_075_CA_1_evaluation,FOODS_1_075,FOODS_1,FOODS,CA_1,CA,d_1,2,1,2011-01-29,11101,Saturday,1,1,2011,,,,,0,0,0,2.94
FOODS_1_076_CA_1_evaluation,FOODS_1_076,FOODS_1,FOODS,CA_1,CA,d_1,0,1,2011-01-29,11101,Saturday,1,1,2011,,,,,0,0,0,5.61
FOODS_1_077_CA_1_evaluation,FOODS_1_077,FOODS_1,FOODS,CA_1,CA,d_1,0,1,2011-01-29,11101,Saturday,1,1,2011,,,,,0,0,0,2.97
FOODS_1_078_CA_1_evaluation,FOODS_1_078,FOODS_1,FOODS,CA_1,CA,d_1,0,1,2011-01-29,11101,Saturday,1,1,2011,,,,,0,0,0,3.24
FOODS_1_079_CA_1_evaluation,FOODS_1_079,FOODS_1,FOODS,CA_1,CA,d_1,0,1,2011-01-29,11101,Saturday,1,1,2011,,,,,0,0,0,5.43
FOODS_1_080_CA_1_evaluation,FOODS_1_080,FOODS_1,FOODS,CA_1,CA,d_1,7,1,2011-01-29,11101,Saturday,1,1,2011,,,,,0,0,0,6.97
FOODS_1_081_CA_1_evaluation,FOODS_1_081,FOODS_1,FOODS,CA_1,CA,d_1,0,1,2011-01-29,11101,Saturday,1,1,2011,,,,,0,0,0,6.08
FOODS_1_082_CA_1_evaluation,FOODS_1_082,FOODS_1,FOODS,CA_1,CA,d_1,0,1,2011-01-29,11101,Saturday,1,1,2011,,,,,0,0,0,0.98
FOODS_1_083_CA_1_evaluation,FOODS_1_083,FOODS_1,FOODS,CA_1,CA,d_1,2,1,2011-01-29,11101,Saturday,1,1,2011,,,,,0,0,0,1.97
FOODS_1_084_CA_1_evaluation,FOODS_1_084,FOODS_1,FOODS,CA_1,CA,d_1,0,1,2011-01-29,11101,Saturday,1,1,2011,,,,,0,0,0,5.33
FOODS_1_085_CA_1_evaluation,FOODS_1_085,FOODS_1,FOODS,CA_1,CA,d_1,10,1,2011-01-29,11101,Saturday,1,1,2011,,,,,0,0,0,1.0
FOODS_1_086_CA_1_evaluation,FOODS_1_086,FOODS_1,FOODS,CA_1,CA,d_1,0,1,2011-01-29,11101,Saturday,1,1,2011,,,,,0,0,0,1.48
FOODS_1_087_CA_1_evaluation,FOODS_1_087,FOODS_1,FOODS,CA_1,CA,d_1,0,1,2011-01-29,11101,Saturday,1,1,2011,,,,,0,0,0,6.08
FOODS_1_088_CA_1_evaluation,FOODS_1_088,FOODS_1,FOODS,CA_1,CA,d_1,1,1,2011-01-29,11101,Saturday,1,1,2011,,,,,0,0,0,3.97
FOODS_1_089_CA_1_evaluation,FOODS_1_089,FOODS_1,FOODS,CA_1,CA,d_1,0,1,2011-01-29,11101,Saturday,1,1,2011,,,,,0,0,0,3.24
FOODS_1_090_CA_1_evaluation,FOODS_1_090,FOODS_1,FOODS,CA_1,CA,d_1,0,1,2011-01-29,11101,Saturday,1,1,2011,,,,,0,0,0,2.94
FOODS_1_091_CA_1_evaluation,FOODS_1_091,FOODS_1,FOODS,CA_1,CA,d_1,0,1,2011-01-29,11101,Saturday,1,1,2011,,,,,0,0,0,2.38
FOODS_1_092_CA_1_evaluation,FOODS_1_092,FOODS_1,FOODS,CA_1,CA,d_1,0,1,2011-01-29,11101,Saturday,1,1,2011,,,,,0,0,0,1.78
FOODS_1_093_CA_1_evaluation,FOODS_1_093,FOODS_1,FOODS,CA_1,CA,d_1,0,1,2011-01-29,11101,Saturday,1,1,2011,,,,,0,0,0,6.08
FOODS_1_094_CA_1_evaluation,FOODS_1_094,FOODS_1,FOODS,CA_1,CA,d_1,2,1,2011-01-29,11101,Saturday,1,1,2011,,,,,0,0,0,2.94
FOODS_1_095_CA_1_evaluation,FOODS_1_095,FOODS_1,FOODS,CA_1,CA,d_1,1,1,2011-01-29,11101,Saturday,1,1,2011,,,,,0,0,0,2.66
FOODS_1_096_CA_1_evaluation,FOODS_1_096,FOODS_1,FOODS,CA_1,CA,d_1,0,1,2011-01-29,11101,Saturday,1,1,2011,,,,,0,0,0,6.22
FOODS_1_097_CA_1_evaluation,FOODS_1_097,FOODS_1,FOODS,CA_1,CA,d_1,0,1,2011-01-29,11101,Saturday,1,1,2011,,,,,0,0,0,0.98
FOODS_1_098_CA_1_evaluation,FOODS_1_098,FOODS_1,FOODS,CA_1,CA,d_1,0,1,2011-01-29,11101,Saturday,1,1,2011,,,,,0,0,0,5.64
FOODS_1_099_CA_1_evaluation,FOODS_1_099,FOODS_1,FOODS,CA_1,CA,d_1,0,1,2011-01-29,11101,Saturday,1,1,2011,,,,,0,0,0,0.98
FOODS_1_101_CA_1_evaluation,FOODS_1_101,FOODS_1,FOODS,CA_1,CA,d_1,2,1,2011-01-29,11101,Saturday,1,1,2011,,,,,0,0,0,1.97
FOODS_1_102_CA_1_evaluation,FOODS_1_102,FOODS_1,FOODS,CA_1,CA,d_1,0,1,2011-01-29,11101,Saturday,1,1,2011,,,,,0,0,0,1.5
FOODS_1_103_CA_1_evaluation,FOODS_1_103,FOODS_1,FOODS,CA_1,CA,d_1,7,1,2011-01-29,11101,Saturday,1,1,2011,,,,,0,0,0,3.18
FOODS_1_104_CA_1_evaluation,FOODS_1_104,FOODS_1,FOODS,CA_1,CA,d_1,2,1,2011-01-29,11101,Saturday,1,1,2011,,,,,0,0,0,2.94
FOODS_1_105_CA_1_evaluation,FOODS_1_105,FOODS_1,FOODS,CA_1,CA,d_1,0,1,2011-01-29,11101,Saturday,1,1,2011,,,,,0,0,0,1.88
FOODS_1_106_CA_1_evaluation,FOODS_1_106,FOODS_1,FOODS,CA_1,CA,d_1,1,1,2011-01-29,11101,Saturday,1,1,2011,,,,,0,0,0,2.94
FOODS_1_107_CA_1_evaluation,FOODS_1_107,FOODS_1,FOODS,CA_1,CA,d_1,0,1,2011-01-29,11101,Saturday,1,1,2011,,,,,0,0,0,5.36
FOODS_1_108_CA_1_evaluation,FOODS_1_108,FOODS_1,FOODS,CA_1,CA,d_1,0,1,2011-01-29,11101,Saturday,1,1,2011,,,,,0,0,0,2.5
FOODS_1_109_CA_1_evaluation,FOODS_1_109,FOODS_1,FOODS,CA_1,CA,d_1,0,1,2011-01-29,11101,Saturday,1,1,2011,,,,,0,0,0,2.0
FOODS_1_110_CA_1_evaluation,FOODS_1_110,FOODS_1,FOODS,CA_1,CA,d_1,0,1,2011-01-29,11101,Saturday,1,1,2011,,,,,0,0,0,1.78
FOODS_1_111_CA_1_evaluation,FOODS_1_111,FOODS_1,FOODS,CA_1,CA,d_1,0,1,2011-01-29,11101,Saturday,1,1,2011,,,,,0,0,0,5.98
FOODS_1_112_CA_1_evaluation,FOODS_1_112,FOODS_1,FOODS,CA_1,CA,d_1,2,1,2011-01-29,11101,Saturday,1,1,2011,,,,,0,0,0,1.98
FOODS_1_113_CA_1_evaluation,FOODS_1_113,FOODS_1,FOODS,CA_1,CA,d_1,0,1,2011-01-29,11101,Saturday,1,1,2011,,,,,0,0,0,0.98
FOODS_1_114_CA_1_evaluation,FOODS_1_114,FOODS_1,FOODS,CA_1,CA,d_1,2,1,2011-01-29,11101,Saturday,1,1,2011,,,,,0,0,0,2.94
FOODS_1_115_CA_1_evaluation,FOODS_1_115,FOODS_1,FOODS,CA_1,CA,d_1,0,1,2011-01-29,11101,Saturday,1,1,2011,,,,,0,0,0,3.58
FOODS_1_116_CA_1_evaluation,FOODS_1_116,FOODS_1,FOODS,CA_1,CA,d_1,0,1,2011-01-29,11101,Saturday,1,1,2011,,,,,0,0,0,2.18
FOODS_1_117_CA_1_evaluation,FOODS_1_117,FOODS_1,FOODS,CA_1,CA,d_1,0,1,2011-01-29,11101,Saturday,1,1,2011,,,,,0,0,0,2.0
FOODS_1_118_CA_1_evaluation,FOODS_1_118,FOODS_1,FOODS,CA_1,CA,d_1,0,1,2011-01-29,11101,Saturday,1,1,2011,,,,,0,0,0,0.98
FOODS_1_119_CA_1_evaluation,FOODS_1_119,FOODS_1,FOODS,CA_1,CA,d_1,0,1,2011-01-29,11101,Saturday,1,1,2011,,,,,0,0,0,2.94
FOODS_1_120_CA_1_evaluation,FOODS_1_120,FOODS_1,FOODS,CA_1,CA,d_1,0,1,2011-01-29,11101,Saturday,1,1,2011,,,,,0,0,0,1.78
FOODS_1_121_CA_1_evaluation,FOODS_1_121,FOODS_1,FOODS,CA_1,CA,d_1,0,1,2011-01-29,11101,Saturday,1,1,2011,,,,,0,0,0,1.0
FOODS_1_122_CA_1_evaluation,FOODS_1_122,FOODS_1,FOODS,CA_1,CA,d_1,0,1,2011-01-29,11101,Saturday,1,1,2011,,,,,0,0,0,1.98
FOODS_1_123_CA_1_evaluation,FOODS_1_123,FOODS_1,FOODS,CA_1,CA,d_1,2,1,2011-01-29,11101,Saturday,1,1,2011,,,,,0,0,0,2.94
FOODS_1_124_CA_1_evaluation,FOODS_1_124,FOODS_1,FOODS,CA_1,CA,d_1,0,1,2011-01-29,11101,Saturday,1,1,2011,,,,,0,0,0,2.0
FOODS_1_125_CA_1_evaluation,FOODS_1_125,FOODS_1,FOODS,CA_1,CA,d_1,0,1,2011-01-29,11101,Saturday,1,1,2011,,,,,0,0,0,4.98
FOODS_1_126_CA_1_evaluation,FOODS_1_126,FOODS_1,FOODS,CA_1,CA,d_1,0,1,2011-01-29,11101,Saturday,1,1,2011,,,,,0,0,0,2.68
FOODS_1_127_CA_1_evaluation,FOODS_1_127,FOODS_1,FOODS,CA_1,CA,d_1,5,1,2011-01-29,11101,Saturday,1,1,2011,,,,,0,0,0,1.76
FOODS_1_128_CA_1_evaluation,FOODS_1_128,FOODS_1,FOODS,CA_1,CA,d_1,0,1,2011-01-29,11101,Saturday,1,1,2011,,,,,0,0,0,3.18
FOODS_1_129_CA_1_evaluation,FOODS_1_129,FOODS_1,FOODS,CA_1,CA,d_1,0,1,2011-01-29,11101,Saturday,1,1,2011,,,,,0,0,0,6.22
FOODS_1_130_CA_1_evaluation,FOODS_1_130,FOODS_1,FOODS,CA_1,CA,d_1,1,1,2011-01-29,11101,Saturday,1,1,2011,,,,,0,0,0,1.5
FOODS_1_131_CA_1_evaluation,FOODS_1_131,FOODS_1,FOODS,CA_1,CA,d_1,0,1,2011-01-29,11101,Saturday,1,1,2011,,,,,0,0,0,2.78
FOODS_1_132_CA_1_evaluation,FOODS_1_132,FOODS_1,FOODS,CA_1,CA,d_1,0,1,2011-01-29,11101,Saturday,1,1,2011,,,,,0,0,0,1.78
FOODS_1_133_CA_1_evaluation,FOODS_1_133,FOODS_1,FOODS,CA_1,CA,d_1,1,1,2011-01-29,11101,Saturday,1,1,2011,,,,,0,0,0,2.78
FOODS_1_134_CA_1_evaluation,FOODS_1_134,FOODS_1,FOODS,CA_1,CA,d_1,0,1,2011-01-29,11101,Saturday,1,1,2011,,,,,0,0,0,1.98
FOODS_1_135_CA_1_evaluation,FOODS_1_135,FOODS_1,FOODS,CA_1,CA,d_1,0,1,2011-01-29,11101,Saturday,1,1,2011,,,,,0,0,0,2.18
FOODS_1_136_CA_1_evaluation,FOODS_1_136,FOODS_1,FOODS,CA_1,CA,d_1,0,1,2011-01-29,11101,Saturday,1,1,2011,,,,,0,0,0,3.97
FOODS_1_137_CA_1_evaluation,FOODS_1_137,FOODS_1,FOODS,CA_1,CA,d_1,13,1,2011-01-29,11101,Saturday,1,1,2011,,,,,0,0,0,1.97
FOODS_1_138_CA_1_evaluation,FOODS_1_138,FOODS_1,FOODS,CA_1,CA,d_1,2,1,2011-01-29,11101,Saturday,1,1,2011,,,,,0,0,0,2.18
FOODS_1_139_CA_1_evaluation,FOODS_1_139,FOODS_1,FOODS,CA_1,CA,d_1,0,1,2011-01-29,11101,Saturday,1,1,2011,,,,,0,0,0,0.98
FOODS_1_140_CA_1_evaluation,FOODS_1_140,FOODS_1,FOODS,CA_1,CA,d_1,0,1,2011-01-29,11101,Saturday,1,1,2011,,,,,0,0,0,6.38
FOODS_1_141_CA_1_evaluation,FOODS_1_141,FOODS_1,FOODS,CA_1,CA,d_1,3,1,2011-01-29,11101,Saturday,1,1,2011,,,,,0,0,0,2.94
FOODS_1_142_CA_1_evaluation,FOODS_1_142,FOODS_1,FOODS,CA_1,CA,d_1,0,1,2011-01-29,11101,Saturday,1,1,2011,,,,,0,0,0,1.25
FOODS_1_143_CA_1_evaluation,FOODS_1_143,FOODS_1,FOODS,CA_1,CA,d_1,0,1,2011-01-29,11101,Saturday,1,1,2011,,,,,0,0,0,1.97
FOODS_1_144_CA_1_evaluation,FOODS_1_144,FOODS_1,FOODS,CA_1,CA,d_1,1,1,2011-01-29,11101,Saturday,1,1,2011,,,,,0,0,0,6.68
FOODS_1_145_CA_1_evaluation,FOODS_1_145,FOODS_1,FOODS,CA_1,CA,d_1,0,1,2011-01-29,11101,Saturday,1,1,2011,,,,,0,0,0,0.98
FOODS_1_146_CA_1_evaluation,FOODS_1_146,FOODS_1,FOODS,CA_1,CA,d_1,0,1,2011-01-29,11101,Saturday,1,1,2011,,,,,0,0,0,2.18
FOODS_1_147_CA_1_evaluation,FOODS_1_147,FOODS_1,FOODS,CA_1,CA,d_1,0,1,2011-01-29,11101,Saturday,1,1,2011,,,,,0,0,0,5.09
FOODS_1_148_CA_1_evaluation,FOODS_1_148,FOODS_1,FOODS,CA_1,CA,d_1,0,1,2011-01-29,11101,Saturday,1,1,2011,,,,,0,0,0,5.09
FOODS_1_149_CA_1_evaluation,FOODS_1_149,FOODS_1,FOODS,CA_1,CA,d_1,0,1,2011-01-29,11101,Saturday,1,1,2011,,,,,0,0,0,0.98
FOODS_1_150_CA_1_evaluation,FOODS_1_150,FOODS_1,FOODS,CA_1,CA,d_1,2,1,2011-01-29,11101,Saturday,1,1,2011,,,,,0,0,0,3.97
FOODS_1_151_CA_1_evaluation,FOODS_1_151,FOODS_1,FOODS,CA_1,CA,d_1,0,1,2011-01-29,11101,Saturday,1,1,2011,,,,,0,0,0,10.98
FOODS_1_152_CA_1_evaluation,FOODS_1_152,FOODS_1,FOODS,CA_1,CA,d_1,2,1,2011-01-29,11101,Saturday,1,1,2011,,,,,0,0,0,6.98
FOODS_1_153_CA_1_evaluation,FOODS_1_153,FOODS_1,FOODS,CA_1,CA,d_1,1,1,2011-01-29,11101,Saturday,1,1,2011,,,,,0,0,0,1.68
FOODS_1_154_CA_1_evaluation,FOODS_1_154,FOODS_1,FOODS,CA_1,CA,d_1,2,1,2011-01-29,11101,Saturday,1,1,2011,,,,,0,0,0,1.25
FOODS_1_155_CA_1_evaluation,FOODS_1_155,FOODS_1,FOODS,CA_1,CA,d_1,0,1,2011-01-29,11101,Saturday,1,1,2011,,,,,0,0,0,0.98
FOODS_1_156_CA_1_evaluation,FOODS_1_156,FOODS_1,FOODS,CA_1,CA,d_1,0,1,2011-01-29,11101,Saturday,1,1,2011,,,,,0,0,0,2.68
FOODS_1_157_CA_1_evaluation,FOODS_1_157,FOODS_1,FOODS,CA_1,CA,d_1,0,1,2011-01-29,11101,Saturday,1,1,2011,,,,,0,0,0,4.55
FOODS_1_158_CA_1_evaluation,FOODS_1_158,FOODS_1,FOODS,CA_1,CA,d_1,0,1,2011-01-29,11101,Saturday,1,1,2011,,,,,0,0,0,4.98
FOODS_1_159_CA_1_evaluation,FOODS_1_159,FOODS_1,FOODS,CA_1,CA,d_1,0,1,2011-01-29,11101,Saturday,1,1,2011,,,,,0,0,0,4.55
FOODS_1_160_CA_1_evaluation,FOODS_1_160,FOODS_1,FOODS,CA_1,CA,d_1,0,1,2011-01-29,11101,Saturday,1,1,2011,,,,,0,0,0,2.24
FOODS_1_161_CA_1_evaluation,FOODS_1_161,FOODS_1,FOODS,CA_1,CA,d_1,4,1,2011-01-29,11101,Saturday,1,1,2011,,,,,0,0,0,1.0
FOODS_1_162_CA_1_evaluation,FOODS_1_162,FOODS_1,FOODS,CA_1,CA,d_1,0,1,2011-01-29,11101,Saturday,1,1,2011,,,,,0,0,0,1.78
FOODS_1_163_CA_1_evaluation,FOODS_1_163,FOODS_1,FOODS,CA_1,CA,d_1,0,1,2011-01-29,11101,Saturday,1,1,2011,,,,,0,0,0,0.98
FOODS_1_164_CA_1_evaluation,FOODS_1_164,FOODS_1,FOODS,CA_1,CA,d_1,0,1,2011-01-29,11101,Saturday,1,1,2011,,,,,0,0,0,5.09
FOODS_1_166_CA_1_evaluation,FOODS_1_166,FOODS_1,FOODS,CA_1,CA,d_1,10,1,2011-01-29,11101,Saturday,1,1,2011,,,,,0,0,0,2.0
FOODS_1_167_CA_1_evaluation,FOODS_1_167,FOODS_1,FOODS,CA_1,CA,d_1,2,1,2011-01-29,11101,Saturday,1,1,2011,,,,,0,0,0,3.97
FOODS_1_168_CA_1_evaluation,FOODS_1_168,FOODS_1,FOODS,CA_1,CA,d_1,0,1,2011-01-29,11101,Saturday,1,1,2011,,,,,0,0,0,2.0
FOODS_1_169_CA_1_evaluation,FOODS_1_169,FOODS_1,FOODS,CA_1,CA,d_1,0,1,2011-01-29,11101,Saturday,1,1,2011,,,,,0,0,0,3.24
FOODS_1_170_CA_1_evaluation,FOODS_1_170,FOODS_1,FOODS,CA_1,CA,d_1,0,1,2011-01-29,11101,Saturday,1,1,2011,,,,,0,0,0,6.08
FOODS_1_171_CA_1_evaluation,FOODS_1_171,FOODS_1,FOODS,CA_1,CA,d_1,0,1,2011-01-29,11101,Saturday,1,1,2011,,,,,0,0,0,5.0
FOODS_1_172_CA_1_evaluation,FOODS_1_172,FOODS_1,FOODS,CA_1,CA,d_1,4,1,2011-01-29,11101,Saturday,1,1,2011,,,,,0,0,0,1.68
FOODS_1_173_CA_1_evaluation,FOODS_1_173,FOODS_1,FOODS,CA_1,CA,d_1,20,1,2011-01-29,11101,Saturday,1,1,2011,,,,,0,0,0,1.97
FOODS_1_174_CA_1_evaluation,FOODS_1_174,FOODS_1,FOODS,CA_1,CA,d_1,2,1,2011-01-29,11101,Saturday,1,1,2011,,,,,0,0,0,3.97
FOODS_1_175_CA_1_evaluation,FOODS_1_175,FOODS_1,FOODS,CA_1,CA,d_1,0,1,2011-01-29,11101,Saturday,1,1,2011,,,,,0,0,0,2.88
FOODS_1_176_CA_1_evaluation,FOODS_1_176,FOODS_1,FOODS,CA_1,CA,d_1,0,1,2011-01-29,11101,Saturday,1,1,2011,,,,,0,0,0,2.97
FOODS_1_177_CA_1_evaluation,FOODS_1_177,FOODS_1,FOODS,CA_1,CA,d_1,2,1,2011-01-29,11101,Saturday,1,1,2011,,,,,0,0,0,7.97
FOODS_1_178_CA_1_evaluation,FOODS_1_178,FOODS_1,FOODS,CA_1,CA,d_1,4,1,2011-01-29,11101,Saturday,1,1,2011,,,,,0,0,0,8.97
FOODS_1_179_CA_1_evaluation,FOODS_1_179,FOODS_1,FOODS,CA_1,CA,d_1,0,1,2011-01-29,11101,Saturday,1,1,2011,,,,,0,0,0,3.58
FOODS_1_180_CA_1_evaluation,FOODS_1_180,FOODS_1,FOODS,CA_1,CA,d_1,0,1,2011-01-29,11101,Saturday,1,1,2011,,,,,0,0,0,8.88
FOODS_1_181_CA_1_evaluation,FOODS_1_181,FOODS_1,FOODS,CA_1,CA,d_1,0,1,2011-01-29,11101,Saturday,1,1,2011,,,,,0,0,0,1.28
FOODS_1_182_CA_1_evaluation,FOODS_1_182,FOODS_1,FOODS,CA_1,CA,d_1,0,1,2011-01-29,11101,Saturday,1,1,2011,,,,,0,0,0,1.97
FOODS_1_183_CA_1_evaluation,FOODS_1_183,FOODS_1,FOODS,CA_1,CA,d_1,0,1,2011-01-29,11101,Saturday,1,1,2011,,,,,0,0,0,2.88
FOODS_1_184_CA_1_evaluation,FOODS_1_184,FOODS_1,FOODS,CA_1,CA,d_1,0,1,2011-01-29,11101,Saturday,1,1,2011,,,,,0,0,0,1.0
FOODS_1_185_CA_1_evaluation,FOODS_1_185,FOODS_1,FOODS,CA_1,CA,d_1,0,1,2011-01-29,11101,Saturday,1,1,2011,,,,,0,0,0,2.0
FOODS_1_186_CA_1_evaluation,FOODS_1_186,FOODS_1,FOODS,CA_1,CA,d_1,0,1,2011-01-29,11101,Saturday,1,1,2011,,,,,0,0,0,5.98
FOODS_1_187_CA_1_evaluation,FOODS_1_187,FOODS_1,FOODS,CA_1,CA,d_1,0,1,2011-01-29,11101,Saturday,1,1,2011,,,,,0,0,0,7.97
FOODS_1_188_CA_1_evaluation,FOODS_1_188,FOODS_1,FOODS,CA_1,CA,d_1,0,1,2011-01-29,11101,Saturday,1,1,2011,,,,,0,0,0,2.98
FOODS_1_189_CA_1_evaluation,FOODS_1_189,FOODS_1,FOODS,CA_1,CA,d_1,0,1,2011-01-29,11101,Saturday,1,1,2011,,,,,0,0,0,2.79
FOODS_1_190_CA_1_evaluation,FOODS_1_190,FOODS_1,FOODS,CA_1,CA,d_1,0,1,2011-01-29,11101,Saturday,1,1,2011,,,,,0,0,0,0.98
FOODS_1_191_CA_1_evaluation,FOODS_1_191,FOODS_1,FOODS,CA_1,CA,d_1,0,1,2011-01-29,11101,Saturday,1,1,2011,,,,,0,0,0,6.08
FOODS_1_192_CA_1_evaluation,FOODS_1_192,FOODS_1,FOODS,CA_1,CA,d_1,2,1,2011-01-29,11101,Saturday,1,1,2011,,,,,0,0,0,2.38
FOODS_1_193_CA_1_evaluation,FOODS_1_193,FOODS_1,FOODS,CA_1,CA,d_1,0,1,2011-01-29,11101,Saturday,1,1,2011,,,,,0,0,0,4.55
FOODS_1_194_CA_1_evaluation,FOODS_1_194,FOODS_1,FOODS,CA_1,CA,d_1,8,1,2011-01-29,11101,Saturday,1,1,2011,,,,,0,0,0,3.97
FOODS_1_195_CA_1_evaluation,FOODS_1_195,FOODS_1,FOODS,CA_1,CA,d_1,4,1,2011-01-29,11101,Saturday,1,1,2011,,,,,0,0,0,2.18
FOODS_1_196_CA_1_evaluation,FOODS_1_196,FOODS_1,FOODS,CA_1,CA,d_1,3,1,2011-01-29,11101,Saturday,1,1,2011,,,,,0,0,0,1.97
FOODS_1_197_CA_1_evaluation,FOODS_1_197,FOODS_1,FOODS,CA_1,CA,d_1,0,1,2011-01-29,11101,Saturday,1,1,2011,,,,,0,0,0,3.97
FOODS_1_198_CA_1_evaluation,FOODS_1_198,FOODS_1,FOODS,CA_1,CA,d_1,0,1,2011-01-29,11101,Saturday,1,1,2011,,,,,0,0,0,2.28
FOODS_1_199_CA_1_evaluation,FOODS_1_199,FOODS_1,FOODS,CA_1,CA,d_1,0,1,2011-01-29,11101,Saturday,1,1,2011,,,,,0,0,0,6.08
FOODS_1_200_CA_1_evaluation,FOODS_1_200,FOODS_1,FOODS,CA_1,CA,d_1,0,1,2011-01-29,11101,Saturday,1,1,2011,,,,,0,0,0,0.98
FOODS_1_201_CA_1_evaluation,FOODS_1_201,FOODS_1,FOODS,CA_1,CA,d_1,3,1,2011-01-29,11101,Saturday,1,1,2011,,,,,0,0,0,2.0
FOODS_1_202_CA_1_evaluation,FOODS_1_202,FOODS_1,FOODS,CA_1,CA,d_1,0,1,2011-01-29,11101,Saturday,1,1,2011,,,,,0,0,0,0.98
FOODS_1_203_CA_1_evaluation,FOODS_1_203,FOODS_1,FOODS,CA_1,CA,d_1,3,1,2011-01-29,11101,Saturday,1,1,2011,,,,,0,0,0,2.0
FOODS_1_001_TX_1_evaluation,FOODS_1_001,FOODS_1,FOODS,TX_1,TX,d_1,0,1,2011-01-29,11101,Saturday,1,1,2011,,,,,0,0,0,2.0
FOODS_1_002_TX_1_evaluation,FOODS_1_002,FOODS_1,FOODS,TX_1,TX,d_1,0,1,2011-01-29,11101,Saturday,1,1,2011,,,,,0,0,0,7.88
FOODS_1_003_TX_1_evaluation,FOODS_1_003,FOODS_1,FOODS,TX_1,TX,d_1,0,1,2011-01-29,11101,Saturday,1,1,2011,,,,,0,0,0,2.88
FOODS_1_004_TX_1_evaluation,FOODS_1_004,FOODS_1,FOODS,TX_1,TX,d_1,0,1,2011-01-29,11101,Saturday,1,1,2011,,,,,0,0,0,1.78
FOODS_1_005_TX_1_evaluation,FOODS_1_005,FOODS_1,FOODS,TX_1,TX,d_1,2,1,2011-01-29,11101,Saturday,1,1,2011,,,,,0,0,0,2.94
FOODS_1_006_TX_1_evaluation,FOODS_1_006,FOODS_1,FOODS,TX_1,TX,d_1,2,1,2011-01-29,11101,Saturday,1,1,2011,,,,,0,0,0,1.97
FOODS_1_008_TX_1_evaluation,FOODS_1_008,FOODS_1,FOODS,TX_1,TX,d_1,0,1,2011-01-29,11101,Saturday,1,1,2011,,,,,0,0,0,3.28
FOODS_1_009_TX_1_evaluation,FOODS_1_009,FOODS_1,FOODS,TX_1,TX,d_1,0,1,2011-01-29,11101,Saturday,1,1,2011,,,,,0,0,0,2.68
FOODS_1_010_TX_1_evaluation,FOODS_1_010,FOODS_1,FOODS,TX_1,TX,d_1,0,1,2011-01-29,11101,Saturday,1,1,2011,,,,,0,0,0,6.71
FOODS_1_011_TX_1_evaluation,FOODS_1_011,FOODS_1,FOODS,TX_1,TX,d_1,1,1,2011-01-29,11101,Saturday,1,1,2011,,,,,0,0,0,2.28
FOODS_1_012_TX_1_evaluation,FOODS_1_012,FOODS_1,FOODS,TX_1,TX,d_1,0,1,2011-01-29,11101,Saturday,1,1,2011,,,,,0,0,0,6.71
FOODS_1_013_TX_1_evaluation,FOODS_1_013,FOODS_1,FOODS,TX_1,TX,d_1,0,1,2011-01-29,11101,Saturday,1,1,2011,,,,,0,0,0,1.25
FOODS_1_014_TX_1_evaluation,FOODS_1_014,FOODS_1,FOODS,TX_1,TX,d_1,0,1,2011-01-29,11101,Saturday,1,1,2011,,,,,0,0,0,0.98
FOODS_1_015_TX_1_evaluation,FOODS_1_015,FOODS_1,FOODS,TX_1,TX,d_1,0,1,2011-01-29,11101,Saturday,1,1,2011,,,,,0,0,0,2.78
FOODS_1_016_TX_1_evaluation,FOODS_1_016,FOODS_1,FOODS,TX_1,TX,d_1,0,1,2011-01-29,11101,Saturday,1,1,2011,,,,,0,0,0,1.96
FOODS_1_017_TX_1_evaluation,FOODS_1_017,FOODS_1,FOODS,TX_1,TX,d_1,0,1,2011-01-29,11101,Saturday,1,1,2011,,,,,0,0,0,2.68
FOODS_1_018_TX_1_evaluation,FOODS_1_018,FOODS_1,FOODS,TX_1,TX,d_1,0,1,2011-01-29,11101,Saturday,1,1,2011,,,,,0,0,0,0.92
FOODS_1_019_TX_1_evaluation,FOODS_1_019,FOODS_1,FOODS,TX_1,TX,d_1,9,1,2011-01-29,11101,Saturday,1,1,2011,,,,,0,0,0,0.97
FOODS_1_020_TX_1_evaluation,FOODS_1_020,FOODS_1,FOODS,TX_1,TX,d_1,0,1,2011-01-29,11101,Saturday,1,1,2011,,,,,0,0,0,2.5
FOODS_1_021_TX_1_evaluation,FOODS_1_021,FOODS_1,FOODS,TX_1,TX,d_1,0,1,2011-01-29,11101,Saturday,1,1,2011,,,,,0,0,0,0.98
FOODS_1_022_TX_1_evaluation,FOODS_1_022,FOODS_1,FOODS,TX_1,TX,d_1,0,1,2011-01-29,11101,Saturday,1,1,2011,,,,,0,0,0,5.79
FOODS_1_023_TX_1_evaluation,FOODS_1_023,FOODS_1,FOODS,TX_1,TX,d_1,0,1,2011-01-29,11101,Saturday,1,1,2011,,,,,0,0,0,6.71
FOODS_1_024_TX_1_evaluation,FOODS_1_024,FOODS_1,FOODS,TX_1,TX,d_1,1,1,2011-01-29,11101,Saturday,1,1,2011,,,,,0,0,0,3.97
FOODS_1_025_TX_1_evaluation,FOODS_1_025,FOODS_1,FOODS,TX_1,TX,d_1,0,1,2011-01-29,11101,Saturday,1,1,2011,,,,,0,0,0,3.94
FOODS_1_026_TX_1_evaluation,FOODS_1_026,FOODS_1,FOODS,TX_1,TX,d_1,0,1,2011-01-29,11101,Saturday,1,1,2011,,,,,0,0,0,6.38
FOODS_1_027_TX_1_evaluation,FOODS_1_027,FOODS_1,FOODS,TX_1,TX,d_1,0,1,2011-01-29,11101,Saturday,1,1,2011,,,,,0,0,0,1.78
FOODS_1_028_TX_1_evaluation,FOODS_1_028,FOODS_1,FOODS,TX_1,TX,d_1,0,1,2011-01-29,11101,Saturday,1,1,2011,,,,,0,0,0,2.48
FOODS_1_029_TX_1_evaluation,FOODS_1_029,FOODS_1,FOODS,TX_1,TX,d_1,0,1,2011-01-29,11101,Saturday,1,1,2011,,,,,0,0,0,3.18
FOODS_1_030_TX_1_evaluation,FOODS_1_030,FOODS_1,FOODS,TX_1,TX,d_1,0,1,2011-01-29,11101,Saturday,1,1,2011,,,,,0,0,0,2.78
FOODS_1_031_TX_1_evaluation,FOODS_1_031,FOODS_1,FOODS,TX_1,TX,d_1,0,1,2011-01-29,11101,Saturday,1,1,2011,,,,,0,0,0,2.94
FOODS_1_032_TX_1_evaluation,FOODS_1_032,FOODS_1,FOODS,TX_1,TX,d_1,2,1,2011-01-29,11101,Saturday,1,1,2011,,,,,0,0,0,0.92
FOODS_1_033_TX_1_evaluation,FOODS_1_033,FOODS_1,FOODS,TX_1,TX,d_1,0,1,2011-01-29,11101,Saturday,1,1,2011,,,,,0,0,0,5.79
FOODS_1_034_TX_1_evaluation,FOODS_1_034,FOODS_1,FOODS,TX_1,TX,d_1,0,1,2011-01-29,11101,Saturday,1,1,2011,,,,,0,0,0,6.05
FOODS_1_035_TX_1_evaluation,FOODS_1_035,FOODS_1,FOODS,TX_1,TX,d_1,0,1,2011-01-29,11101,Saturday,1,1,2011,,,,,0,0,0,2.28
FOODS_1_036_TX_1_evaluation,FOODS_1_036,FOODS_1,FOODS,TX_1,TX,d_1,5,1,2011-01-29,11101,Saturday,1,1,2011,,,,,0,0,0,1.5
FOODS_1_037_TX_1_evaluation,FOODS_1_037,FOODS_1,FOODS,TX_1,TX,d_1,0,1,2011-01-29,11101,Saturday,1,1,2011,,,,,0,0,0,2.97
FOODS_1_038_TX_1_evaluation,FOODS_1_038,FOODS_1,FOODS,TX_1,TX,d_1,0,1,2011-01-29,11101,Saturday,1,1,2011,,,,,0,0,0,7.97
FOODS_1_039_TX_1_evaluation,FOODS_1_039,FOODS_1,FOODS,TX_1,TX,d_1,0,1,2011-01-29,11101,Saturday,1,1,2011,,,,,0,0,0,2.48
FOODS_1_040_TX_1_evaluation,FOODS_1_040,FOODS_1,FOODS,TX_1,TX,d_1,1,1,2011-01-29,11101,Saturday,1,1,2011,,,,,0,0,0,1.76
FOODS_1_041_TX_1_evaluation,FOODS_1_041,FOODS_1,FOODS,TX_1,TX,d_1,1,1,2011-01-29,11101,Saturday,1,1,2011,,,,,0,0,0,2.12
FOODS_1_042_TX_1_evaluation,FOODS_1_042,FOODS_1,FOODS,TX_1,TX,d_1,0,1,2011-01-29,11101,Saturday,1,1,2011,,,,,0,0,0,0.98
FOODS_1_043_TX_1_evaluation,FOODS_1_043,FOODS_1,FOODS,TX_1,TX,d_1,0,1,2011-01-29,11101,Saturday,1,1,2011,,,,,0,0,0,1.78
FOODS_1_044_TX_1_evaluation,FOODS_1_044,FOODS_1,FOODS,TX_1,TX,d_1,8,1,2011-01-29,11101,Saturday,1,1,2011,,,,,0,0,0,2.5
FOODS_1_045_TX_1_evaluation,FOODS_1_045,FOODS_1,FOODS,TX_1,TX,d_1,0,1,2011-01-29,11101,Saturday,1,1,2011,,,,,0,0,0,1.76
FOODS_1_046_TX_1_evaluation,FOODS_1_046,FOODS_1,FOODS,TX_1,TX,d_1,0,1,2011-01-29,11101,Saturday,1,1,2011,,,,,0,0,0,0.92
FOODS_1_047_TX_1_evaluation,FOODS_1_047,FOODS_1,FOODS,TX_1,TX,d_1,3,1,2011-01-29,11101,Saturday,1,1,2011,,,,,0,0,0,2.94
FOODS_1_048_TX_1_evaluation,FOODS_1_048,FOODS_1,FOODS,TX_1,TX,d_1,0,1,2011-01-29,11101,Saturday,1,1,2011,,,,,0,0,0,5.98
FOODS_1_049_TX_1_evaluation,FOODS_1_049,FOODS_1,FOODS,TX_1,TX,d_1,1,1,2011-01-29,11101,Saturday,1,1,2011,,,,,0,0,0,2.18
FOODS_1_050_TX_1_evaluation,FOODS_1_050,FOODS_1,FOODS,TX_1,TX,d_1,0,1,2011-01-29,11101,Saturday,1,1,2011,,,,,0,0,0,5.98
FOODS_1_051_TX_1_evaluation,FOODS_1_051,FOODS_1,FOODS,TX_1,TX,d_1,0,1,2011-01-29,11101,Saturday,1,1,2011,,,,,0,0,0,3.87
FOODS_1_052_TX_1_evaluation,FOODS_1_052,FOODS_1,FOODS,TX_1,TX,d_1,0,1,2011-01-29,11101,Saturday,1,1,2011,,,,,0,0,0,0.98
FOODS_1_053_TX_1_evaluation,FOODS_1_053,FOODS_1,FOODS,TX_1,TX,d_1,0,1,2011-01-29,11101,Saturday,1,1,2011,,,,,0,0,0,6.28
FOODS_1_054_TX_1_evaluation,FOODS_1_054,FOODS_1,FOODS,TX_1,TX,d_1,1,1,2011-01-29,11101,Saturday,1,1,2011,,,,,0,0,0,1.68
FOODS_1_055_TX_1_evaluation,FOODS_1_055,FOODS_1,FOODS,TX_1,TX,d_1,0,1,2011-01-29,11101,Saturday,1,1,2011,,,,,0,0,0,3.12
FOODS_1_056_TX_1_evaluation,FOODS_1_056,FOODS_1,FOODS,TX_1,TX,d_1,0,1,2011-01-29,11101,Saturday,1,1,2011,,,,,0,0,0,2.24
FOODS_1_057_TX_1_evaluation,FOODS_1_057,FOODS_1,FOODS,TX_1,TX,d_1,0,1,2011-01-29,11101,Saturday,1,1,2011,,,,,0,0,0,2.68
FOODS_1_058_TX_1_evaluation,FOODS_1_058,FOODS_1,FOODS,TX_1,TX,d_1,0,1,2011-01-29,11101,Saturday,1,1,2011,,,,,0,0,0,1.78
FOODS_1_059_TX_1_evaluation,FOODS_1_059,FOODS_1,FOODS,TX_1,TX,d_1,0,1,2011-01-29,11101,Saturday,1,1,2011,,,,,0,0,0,6.71
FOODS_1_060_TX_1_evaluation,FOODS_1_060,FOODS_1,FOODS,TX_1,TX,d_1,0,1,2011-01-29,11101,Saturday,1,1,2011,,,,,0,0,0,1.68
FOODS_1_061_TX_1_evaluation,FOODS_1_061,FOODS_1,FOODS,TX_1,TX,d_1,3,1,2011-01-29,11101,Saturday,1,1,2011,,,,,0,0,0,2.0
FOODS_1_062_TX_1_evaluation,FOODS_1_062,FOODS_1,FOODS,TX_1,TX,d_1,2,1,2011-01-29,11101,Saturday,1,1,2011,,,,,0,0,0,3.18
FOODS_1_063_TX_1_evaluation,FOODS_1_063,FOODS_1,FOODS,TX_1,TX,d_1,0,1,2011-01-29,11101,Saturday,1,1,2011,,,,,0,0,0,1.97
FOODS_1_064_TX_1_evaluation,FOODS_1_064,FOODS_1,FOODS,TX_1,TX,d_1,0,1,2011-01-29,11101,Saturday,1,1,2011,,,,,0,0,0,2.54
FOODS_1_065_TX_1_evaluation,FOODS_1_065,FOODS_1,FOODS,TX_1,TX,d_1,0,1,2011-01-29,11101,Saturday,1,1,2011,,,,,0,0,0,2.94
FOODS_1_066_TX_1_evaluation,FOODS_1_066,FOODS_1,FOODS,TX_1,TX,d_1,0,1,2011-01-29,11101,Saturday,1,1,2011,,,,,0,0,0,1.33
FOODS_1_067_TX_1_evaluation,FOODS_1_067,FOODS_1,FOODS,TX_1,TX,d_1,0,1,2011-01-29,11101,Saturday,1,1,2011,,,,,0,0,0,1.97
FOODS_1_068_TX_1_evaluation,FOODS_1_068,FOODS_1,FOODS,TX_1,TX,d_1,0,1,2011-01-29,11101,Saturday,1,1,2011,,,,,0,0,0,3.58
FOODS_1_069_TX_1_evaluation,FOODS_1_069,FOODS_1,FOODS,TX_1,TX,d_1,0,1,2011-01-29,11101,Saturday,1,1,2011,,,,,0,0,0,2.18
FOODS_1_070_TX_1_evaluation,FOODS_1_070,FOODS_1,FOODS,TX_1,TX,d_1,0,1,2011-01-29,11101,Saturday,1,1,2011,,,,,0,0,0,0.98
FOODS_1_071_TX_1_evaluation,FOODS_1_071,FOODS_1,FOODS,TX_1,TX,d_1,0,1,2011-01-29,11101,Saturday,1,1,2011,,,,,0,0,0,1.97
FOODS_1_072_TX_1_evaluation,FOODS_1_072,FOODS_1,FOODS,TX_1,TX,d_1,0,1,2011-01-29,11101,Saturday,1,1,2011,,,,,0,0,0,3.97
FOODS_1_073_TX_1_evaluation,FOODS_1_073,FOODS_1,FOODS,TX_1,TX,d_1,0,1,2011-01-29,11101,Saturday,1,1,2011,,,,,0,0,0,1.76
FOODS_1_074_TX_1_evaluation,FOODS_1_074,FOODS_1,FOODS,TX_1,TX,d_1,0,1,2011-01-29,11101,Saturday,1,1,2011,,,,,0,0,0,2.12
FOODS_1_075_TX_1_evaluation,FOODS_1_075,FOODS_1,FOODS,TX_1,TX,d_1,0,1,2011-01-29,11101,Saturday,1,1,2011,,,,,0,0,0,2.94
FOODS_1_076_TX_1_evaluation,FOODS_1_076,FOODS_1,FOODS,TX_1,TX,d_1,0,1,2011-01-29,11101,Saturday,1,1,2011,,,,,0,0,0,6.28
FOODS_1_077_TX_1_evaluation,FOODS_1_077,FOODS_1,FOODS,TX_1,TX,d_1,0,1,2011-01-29,11101,Saturday,1,1,2011,,,,,0,0,0,2.97
FOODS_1_078_TX_1_evaluation,FOODS_1_078,FOODS_1,FOODS,TX_1,TX,d_1,0,1,2011-01-29,11101,Saturday,1,1,2011,,,,,0,0,0,3.24
FOODS_1_079_TX_1_evaluation,FOODS_1_079,FOODS_1,FOODS,TX_1,TX,d_1,0,1,2011-01-29,11101,Saturday,1,1,2011,,,,,0,0,0,5.57
FOODS_1_080_TX_1_evaluation,FOODS_1_080,FOODS_1,FOODS,TX_1,TX,d_1,0,1,2011-01-29,11101,Saturday,1,1,2011,,,,,0,0,0,6.97
FOODS_1_081_TX_1_evaluation,FOODS_1_081,FOODS_1,FOODS,TX_1,TX,d_1,0,1,2011-01-29,11101,Saturday,1,1,2011,,,,,0,0,0,6.71
FOODS_1_082_TX_1_evaluation,FOODS_1_082,FOODS_1,FOODS,TX_1,TX,d_1,0,1,2011-01-29,11101,Saturday,1,1,2011,,,,,0,0,0,0.98
FOODS_1_083_TX_1_evaluation,FOODS_1_083,FOODS_1,FOODS,TX_1,TX,d_1,1,1,2011-01-29,11101,Saturday,1,1,2011,,,,,0,0,0,1.97
FOODS_1_084_TX_1_evaluation,FOODS_1_084,FOODS_1,FOODS,TX_1,TX,d_1,0,1,2011-01-29,11101,Saturday,1,1,2011,,,,,0,0,0,6.0
FOODS_1_085_TX_1_evaluation,FOODS_1_085,FOODS_1,FOODS,TX_1,TX,d_1,2,1,2011-01-29,11101,Saturday,1,1,2011,,,,,0,0,0,0.92
FOODS_1_086_TX_1_evaluation,FOODS_1_086,FOODS_1,FOODS,TX_1,TX,d_1,0,1,2011-01-29,11101,Saturday,1,1,2011,,,,,0,0,0,1.48
FOODS_1_087_TX_1_evaluation,FOODS_1_087,FOODS_1,FOODS,TX_1,TX,d_1,0,1,2011-01-29,11101,Saturday,1,1,2011,,,,,0,0,0,6.71
FOODS_1_088_TX_1_evaluation,FOODS_1_088,FOODS_1,FOODS,TX_1,TX,d_1,4,1,2011-01-29,11101,Saturday,1,1,2011,,,,,0,0,0,3.97
FOODS_1_089_TX_1_evaluation,FOODS_1_089,FOODS_1,FOODS,TX_1,TX,d_1,0,1,2011-01-29,11101,Saturday,1,1,2011,,,,,0,0,0,3.24
FOODS_1_090_TX_1_evaluation,FOODS_1_090,FOODS_1,FOODS,TX_1,TX,d_1,7,1,2011-01-29,11101,Saturday,1,1,2011,,,,,0,0,0,2.94
FOODS_1_091_TX_1_evaluation,FOODS_1_091,FOODS_1,FOODS,TX_1,TX,d_1,1,1,2011-01-29,11101,Saturday,1,1,2011,,,,,0,0,0,2.38
FOODS_1_092_TX_1_evaluation,FOODS_1_092,FOODS_1,FOODS,TX_1,TX,d_1,0,1,2011-01-29,11101,Saturday,1,1,2011,,,,,0,0,0,1.78
FOODS_1_093_TX_1_evaluation,FOODS_1_093,FOODS_1,FOODS,TX_1,TX,d_1,0,1,2011-01-29,11101,Saturday,1,1,2011,,,,,0,0,0,6.71
FOODS_1_094_TX_1_evaluation,FOODS_1_094,FOODS_1,FOODS,TX_1,TX,d_1,0,1,2011-01-29,11101,Saturday,1,1,2011,,,,,0,0,0,2.94
FOODS_1_095_TX_1_evaluation,FOODS_1_095,FOODS_1,FOODS,TX_1,TX,d_1,0,1,2011-01-29,11101,Saturday,1,1,2011,,,,,0,0,0,3.72
FOODS_1_096_TX_1_evaluation,FOODS_1_096,FOODS_1,FOODS,TX_1,TX,d_1,1,1,2011-01-29,11101,Saturday,1,1,2011,,,,,0,0,0,6.91
FOODS_1_097_TX_1_evaluation,FOODS_1_097,FOODS_1,FOODS,TX_1,TX,d_1,0,1,2011-01-29,11101,Saturday,1,1,2011,,,,,0,0,0,0.98
FOODS_1_098_TX_1_evaluation,FOODS_1_098,FOODS_1,FOODS,TX_1,TX,d_1,0,1,2011-01-29,11101,Saturday,1,1,2011,,,,,0,0,0,6.58
FOODS_1_099_TX_1_evaluation,FOODS_1_099,FOODS_1,FOODS,TX_1,TX,d_1,0,1,2011-01-29,11101,Saturday,1,1,2011,,,,,0,0,0,0.98
FOODS_1_101_TX_1_evaluation,FOODS_1_101,FOODS_1,FOODS,TX_1,TX,d_1,0,1,2011-01-29,11101,Saturday,1,1,2011,,,,,0,0,0,1.97
FOODS_1_102_TX_1_evaluation,FOODS_1_102,FOODS_1,FOODS,TX_1,TX,d_1,3,1,2011-01-29,11101,Saturday,1,1,2011,,,,,0,0,0,1.5
FOODS_1_103_TX_1_evaluation,FOODS_1_103,FOODS_1,FOODS,TX_1,TX,d_1,2,1,2011-01-29,11101,Saturday,1,1,2011,,,,,0,0,0,3.18
FOODS_1_104_TX_1_evaluation,FOODS_1_104,FOODS_1,FOODS,TX_1,TX,d_1,4,1,2011-01-29,11101,Saturday,1,1,2011,,,,,0,0,0,2.94
FOODS_1_105_TX_1_evaluation,FOODS_1_105,FOODS_1,FOODS,TX_1,TX,d_1,0,1,2011-01-29,11101,Saturday,1,1,2011,,,,,0,0,0,1.88
FOODS_1_106_TX_1_evaluation,FOODS_1_106,FOODS_1,FOODS,TX_1,TX,d_1,3,1,2011-01-29,11101,Saturday,1,1,2011,,,,,0,0,0,2.94
FOODS_1_107_TX_1_evaluation,FOODS_1_107,FOODS_1,FOODS,TX_1,TX,d_1,0,1,2011-01-29,11101,Saturday,1,1,2011,,,,,0,0,0,6.0
FOODS_1_108_TX_1_evaluation,FOODS_1_108,FOODS_1,FOODS,TX_1,TX,d_1,0,1,2011-01-29,11101,Saturday,1,1,2011,,,,,0,0,0,2.5
FOODS_1_109_TX_1_evaluation,FOODS_1_109,FOODS_1,FOODS,TX_1,TX,d_1,0,1,2011-01-29,11101,Saturday,1,1,2011,,,,,0,0,0,2.0
FOODS_1_110_TX_1_evaluation,FOODS_1_110,FOODS_1,FOODS,TX_1,TX,d_1,0,1,2011-01-29,11101,Saturday,1,1,2011,,,,,0,0,0,1.78
FOODS_1_111_TX_1_evaluation,FOODS_1_111,FOODS_1,FOODS,TX_1,TX,d_1,0,1,2011-01-29,11101,Saturday,1,1,2011,,,,,0,0,0,5.98
FOODS_1_112_TX_1_evaluation,FOODS_1_112,FOODS_1,FOODS,TX_1,TX,d_1,5,1,2011-01-29,11101,Saturday,1,1,2011,,,,,0,0,0,1.98
FOODS_1_113_TX_1_evaluation,FOODS_1_113,FOODS_1,FOODS,TX_1,TX,d_1,0,1,2011-01-29,11101,Saturday,1,1,2011,,,,,0,0,0,0.98
FOODS_1_114_TX_1_evaluation,FOODS_1_114,FOODS_1,FOODS,TX_1,TX,d_1,0,1,2011-01-29,11101,Saturday,1,1,2011,,,,,0,0,0,2.94
FOODS_1_115_TX_1_evaluation,FOODS_1_115,FOODS_1,FOODS,TX_1,TX,d_1,0,1,2011-01-29,11101,Saturday,1,1,2011,,,,,0,0,0,3.58
FOODS_1_116_TX_1_evaluation,FOODS_1_116,FOODS_1,FOODS,TX_1,TX,d_1,2,1,2011-01-29,11101,Saturday,1,1,2011,,,,,0,0,0,2.18
FOODS_1_117_TX_1_evaluation,FOODS_1_117,FOODS_1,FOODS,TX_1,TX,d_1,0,1,2011-01-29,11101,Saturday,1,1,2011,,,,,0,0,0,2.0
FOODS_1_118_TX_1_evaluation,FOODS_1_118,FOODS_1,FOODS,TX_1,TX,d_1,0,1,2011-01-29,11101,Saturday,1,1,2011,,,,,0,0,0,0.98
FOODS_1_119_TX_1_evaluation,FOODS_1_119,FOODS_1,FOODS,TX_1,TX,d_1,0,1,2011-01-29,11101,Saturday,1,1,2011,,,,,0,0,0,2.94
FOODS_1_120_TX_1_evaluation,FOODS_1_120,FOODS_1,FOODS,TX_1,TX,d_1,0,1,2011-01-29,11101,Saturday,1,1,2011,,,,,0,0,0,1.78
FOODS_1_121_TX_1_evaluation,FOODS_1_121,FOODS_1,FOODS,TX_1,TX,d_1,0,1,2011-01-29,11101,Saturday,1,1,2011,,,,,0,0,0,1.0
FOODS_1_122_TX_1_evaluation,FOODS_1_122,FOODS_1,FOODS,TX_1,TX,d_1,0,1,2011-01-29,11101,Saturday,1,1,2011,,,,,0,0,0,1.98
FOODS_1_123_TX_1_evaluation,FOODS_1_123,FOODS_1,FOODS,TX_1,TX,d_1,2,1,2011-01-29,11101,Saturday,1,1,2011,,,,,0,0,0,2.28
FOODS_1_124_TX_1_evaluation,FOODS_1_124,FOODS_1,FOODS,TX_1,TX,d_1,0,1,2011-01-29,11101,Saturday,1,1,2011,,,,,0,0,0,2.0
FOODS_1_125_TX_1_evaluation,FOODS_1_125,FOODS_1,FOODS,TX_1,TX,d_1,0,1,2011-01-29,11101,Saturday,1,1,2011,,,,,0,0,0,4.98
FOODS_1_126_TX_1_evaluation,FOODS_1_126,FOODS_1,FOODS,TX_1,TX,d_1,0,1,2011-01-29,11101,Saturday,1,1,2011,,,,,0,0,0,2.68
FOODS_1_127_TX_1_evaluation,FOODS_1_127,FOODS_1,FOODS,TX_1,TX,d_1,4,1,2011-01-29,11101,Saturday,1,1,2011,,,,,0,0,0,1.76
FOODS_1_128_TX_1_evaluation,FOODS_1_128,FOODS_1,FOODS,TX_1,TX,d_1,1,1,2011-01-29,11101,Saturday,1,1,2011,,,,,0,0,0,3.18
FOODS_1_129_TX_1_evaluation,FOODS_1_129,FOODS_1,FOODS,TX_1,TX,d_1,9,1,2011-01-29,11101,Saturday,1,1,2011,,,,,0,0,0,6.91
FOODS_1_130_TX_1_evaluation,FOODS_1_130,FOODS_1,FOODS,TX_1,TX,d_1,0,1,2011-01-29,11101,Saturday,1,1,2011,,,,,0,0,0,1.5
FOODS_1_131_TX_1_evaluation,FOODS_1_131,FOODS_1,FOODS,TX_1,TX,d_1,0,1,2011-01-29,11101,Saturday,1,1,2011,,,,,0,0,0,2.78
FOODS_1_132_TX_1_evaluation,FOODS_1_132,FOODS_1,FOODS,TX_1,TX,d_1,0,1,2011-01-29,11101,Saturday,1,1,2011,,,,,0,0,0,1.78
FOODS_1_133_TX_1_evaluation,FOODS_1_133,FOODS_1,FOODS,TX_1,TX,d_1,0,1,2011-01-29,11101,Saturday,1,1,2011,,,,,0,0,0,2.78
FOODS_1_134_TX_1_evaluation,FOODS_1_134,FOODS_1,FOODS,TX_1,TX,d_1,0,1,2011-01-29,11101,Saturday,1,1,2011,,,,,0,0,0,1.98
FOODS_1_135_TX_1_evaluation,FOODS_1_135,FOODS_1,FOODS,TX_1,TX,d_1,0,1,2011-01-29,11101,Saturday,1,1,2011,,,,,0,0,0,2.18
FOODS_1_136_TX_1_evaluation,FOODS_1_136,FOODS_1,FOODS,TX_1,TX,d_1,1,1,2011-01-29,11101,Saturday,1,1,2011,,,,,0,0,0,3.97
FOODS_1_137_TX_1_evaluation,FOODS_1_137,FOODS_1,FOODS,TX_1,TX,d_1,0,1,2011-01-29,11101,Saturday,1,1,2011,,,,,0,0,0,1.97
FOODS_1_138_TX_1_evaluation,FOODS_1_138,FOODS_1,FOODS,TX_1,TX,d_1,0,1,2011-01-29,11101,Saturday,1,1,2011,,,,,0,0,0,2.18
FOODS_1_139_TX_1_evaluation,FOODS_1_139,FOODS_1,FOODS,TX_1,TX,d_1,0,1,2011-01-29,11101,Saturday,1,1,2011,,,,,0,0,0,0.98
FOODS_1_140_TX_1_evaluation,FOODS_1_140,FOODS_1,FOODS,TX_1,TX,d_1,0,1,2011-01-29,11101,Saturday,1,1,2011,,,,,0,0,0,6.38
FOODS_1_141_TX_1_evaluation,FOODS_1_141,FOODS_1,FOODS,TX_1,TX,d_1,0,1,2011-01-29,11101,Saturday,1,1,2011,,,,,0,0,0,2.94
FOODS_1_142_TX_1_evaluation,FOODS_1_142,FOODS_1,FOODS,TX_1,TX,d_1,0,1,2011-01-29,11101,Saturday,1,1,2011,,,,,0,0,0,1.25
FOODS_1_143_TX_1_evaluation,FOODS_1_143,FOODS_1,FOODS,TX_1,TX,d_1,0,1,2011-01-29,11101,Saturday,1,1,2011,,,,,0,0,0,1.97
FOODS_1_144_TX_1_evaluation,FOODS_1_144,FOODS_1,FOODS,TX_1,TX,d_1,0,1,2011-01-29,11101,Saturday,1,1,2011,,,,,0,0,0,6.68
FOODS_1_145_TX_1_evaluation,FOODS_1_145,FOODS_1,FOODS,TX_1,TX,d_1,0,1,2011-01-29,11101,Saturday,1,1,2011,,,,,0,0,0,0.98
FOODS_1_146_TX_1_evaluation,FOODS_1_146,FOODS_1,FOODS,TX_1,TX,d_1,0,1,2011-01-29,11101,Saturday,1,1,2011,,,,,0,0,0,2.12
FOODS_1_147_TX_1_evaluation,FOODS_1_147,FOODS_1,FOODS,TX_1,TX,d_1,0,1,2011-01-29,11101,Saturday,1,1,2011,,,,,0,0,0,5.72
FOODS_1_148_TX_1_evaluation,FOODS_1_148,FOODS_1,FOODS,TX_1,TX,d_1,0,1,2011-01-29,11101,Saturday,1,1,2011,,,,,0,0,0,5.72
FOODS_1_149_TX_1_evaluation,FOODS_1_149,FOODS_1,FOODS,TX_1,TX,d_1,0,1,2011-01-29,11101,Saturday,1,1,2011,,,,,0,0,0,0.98
FOODS_1_150_TX_1_evaluation,FOODS_1_150,FOODS_1,FOODS,TX_1,TX,d_1,1,1,2011-01-29,11101,Saturday,1,1,2011,,,,,0,0,0,3.97
FOODS_1_151_TX_1_evaluation,FOODS_1_151,FOODS_1,FOODS,TX_1,TX,d_1,0,1,2011-01-29,11101,Saturday,1,1,2011,,,,,0,0,0,9.98
FOODS_1_152_TX_1_evaluation,FOODS_1_152,FOODS_1,FOODS,TX_1,TX,d_1,1,1,2011-01-29,11101,Saturday,1,1,2011,,,,,0,0,0,6.98
FOODS_1_153_TX_1_evaluation,FOODS_1_153,FOODS_1,FOODS,TX_1,TX,d_1,0,1,2011-01-29,11101,Saturday,1,1,2011,,,,,0,0,0,1.68
FOODS_1_154_TX_1_evaluation,FOODS_1_154,FOODS_1,FOODS,TX_1,TX,d_1,0,1,2011-01-29,11101,Saturday,1,1,2011,,,,,0,0,0,1.25
FOODS_1_155_TX_1_evaluation,FOODS_1_155,FOODS_1,FOODS,TX_1,TX,d_1,0,1,2011-01-29,11101,Saturday,1,1,2011,,,,,0,0,0,0.98
FOODS_1_156_TX_1_evaluation,FOODS_1_156,FOODS_1,FOODS,TX_1,TX,d_1,0,1,2011-01-29,11101,Saturday,1,1,2011,,,,,0,0,0,2.68
FOODS_1_157_TX_1_evaluation,FOODS_1_157,FOODS_1,FOODS,TX_1,TX,d_1,0,1,2011-01-29,11101,Saturday,1,1,2011,,,,,0,0,0,4.46
FOODS_1_158_TX_1_evaluation,FOODS_1_158,FOODS_1,FOODS,TX_1,TX,d_1,0,1,2011-01-29,11101,Saturday,1,1,2011,,,,,0,0,0,4.98
FOODS_1_159_TX_1_evaluation,FOODS_1_159,FOODS_1,FOODS,TX_1,TX,d_1,0,1,2011-01-29,11101,Saturday,1,1,2011,,,,,0,0,0,4.46
FOODS_1_160_TX_1_evaluation,FOODS_1_160,FOODS_1,FOODS,TX_1,TX,d_1,0,1,2011-01-29,11101,Saturday,1,1,2011,,,,,0,0,0,2.24
FOODS_1_161_TX_1_evaluation,FOODS_1_161,FOODS_1,FOODS,TX_1,TX,d_1,2,1,2011-01-29,11101,Saturday,1,1,2011,,,,,0,0,0,0.92
FOODS_1_162_TX_1_evaluation,FOODS_1_162,FOODS_1,FOODS,TX_1,TX,d_1,0,1,2011-01-29,11101,Saturday,1,1,2011,,,,,0,0,0,1.78
FOODS_1_163_TX_1_evaluation,FOODS_1_163,FOODS_1,FOODS,TX_1,TX,d_1,0,1,2011-01-29,11101,Saturday,1,1,2011,,,,,0,0,0,0.98
FOODS_1_164_TX_1_evaluation,FOODS_1_164,FOODS_1,FOODS,TX_1,TX,d_1,0,1,2011-01-29,11101,Saturday,1,1,2011,,,,,0,0,0,6.71
FOODS_1_166_TX_1_evaluation,FOODS_1_166,FOODS_1,FOODS,TX_1,TX,d_1,4,1,2011-01-29,11101,Saturday,1,1,2011,,,,,0,0,0,2.0
FOODS_1_167_TX_1_evaluation,FOODS_1_167,FOODS_1,FOODS,TX_1,TX,d_1,0,1,2011-01-29,11101,Saturday,1,1,2011,,,,,0,0,0,3.97
FOODS_1_168_TX_1_evaluation,FOODS_1_168,FOODS_1,FOODS,TX_1,TX,d_1,0,1,2011-01-29,11101,Saturday,1,1,2011,,,,,0,0,0,2.0
FOODS_1_169_TX_1_evaluation,FOODS_1_169,FOODS_1,FOODS,TX_1,TX,d_1,0,1,2011-01-29,11101,Saturday,1,1,2011,,,,,0,0,0,2.68
FOODS_1_170_TX_1_evaluation,FOODS_1_170,FOODS_1,FOODS,TX_1,TX,d_1,0,1,2011-01-29,11101,Saturday,1,1,2011,,,,,0,0,0,6.71
FOODS_1_171_TX_1_evaluation,FOODS_1_171,FOODS_1,FOODS,TX_1,TX,d_1,0,1,2011-01-29,11101,Saturday,1,1,2011,,,,,0,0,0,6.71
FOODS_1_172_TX_1_evaluation,FOODS_1_172,FOODS_1,FOODS,TX_1,TX,d_1,4,1,2011-01-29,11101,Saturday,1,1,2011,,,,,0,0,0,1.54
FOODS_1_173_TX_1_evaluation,FOODS_1_173,FOODS_1,FOODS,TX_1,TX,d_1,0,1,2011-01-29,11101,Saturday,1,1,2011,,,,,0,0,0,1.97
FOODS_1_174_TX_1_evaluation,FOODS_1_174,FOODS_1,FOODS,TX_1,TX,d_1,0,1,2011-01-29,11101,Saturday,1,1,2011,,,,,0,0,0,3.97
FOODS_1_175_TX_1_evaluation,FOODS_1_175,FOODS_1,FOODS,TX_1,TX,d_1,0,1,2011-01-29,11101,Saturday,1,1,2011,,,,,0,0,0,2.88
FOODS_1_176_TX_1_evaluation,FOODS_1_176,FOODS_1,FOODS,TX_1,TX,d_1,0,1,2011-01-29,11101,Saturday,1,1,2011,,,,,0,0,0,2.97
FOODS_1_177_TX_1_evaluation,FOODS_1_177,FOODS_1,FOODS,TX_1,TX,d_1,1,1,2011-01-29,11101,Saturday,1,1,2011,,,,,0,0,0,7.97
FOODS_1_178_TX_1_evaluation,FOODS_1_178,FOODS_1,FOODS,TX_1,TX,d_1,1,1,2011-01-29,11101,Saturday,1,1,2011,,,,,0,0,0,8.97
FOODS_1_179_TX_1_evaluation,FOODS_1_179,FOODS_1,FOODS,TX_1,TX,d_1,0,1,2011-01-29,11101,Saturday,1,1,2011,,,,,0,0,0,3.58
FOODS_1_180_TX_1_evaluation,FOODS_1_180,FOODS_1,FOODS,TX_1,TX,d_1,0,1,2011-01-29,11101,Saturday,1,1,2011,,,,,0,0,0,8.88
FOODS_1_181_TX_1_evaluation,FOODS_1_181,FOODS_1,FOODS,TX_1,TX,d_1,0,1,2011-01-29,11101,Saturday,1,1,2011,,,,,0,0,0,1.28
FOODS_1_182_TX_1_evaluation,FOODS_1_182,FOODS_1,FOODS,TX_1,TX,d_1,0,1,2011-01-29,11101,Saturday,1,1,2011,,,,,0,0,0,1.97
FOODS_1_183_TX_1_evaluation,FOODS_1_183,FOODS_1,FOODS,TX_1,TX,d_1,2,1,2011-01-29,11101,Saturday,1,1,2011,,,,,0,0,0,2.88
FOODS_1_184_TX_1_evaluation,FOODS_1_184,FOODS_1,FOODS,TX_1,TX,d_1,0,1,2011-01-29,11101,Saturday,1,1,2011,,,,,0,0,0,1.0
FOODS_1_185_TX_1_evaluation,FOODS_1_185,FOODS_1,FOODS,TX_1,TX,d_1,1,1,2011-01-29,11101,Saturday,1,1,2011,,,,,0,0,0,2.0
FOODS_1_186_TX_1_evaluation,FOODS_1_186,FOODS_1,FOODS,TX_1,TX,d_1,0,1,2011-01-29,11101,Saturday,1,1,2011,,,,,0,0,0,5.98
FOODS_1_187_TX_1_evaluation,FOODS_1_187,FOODS_1,FOODS,TX_1,TX,d_1,0,1,2011-01-29,11101,Saturday,1,1,2011,,,,,0,0,0,7.97
FOODS_1_188_TX_1_evaluation,FOODS_1_188,FOODS_1,FOODS,TX_1,TX,d_1,0,1,2011-01-29,11101,Saturday,1,1,2011,,,,,0,0,0,2.98
FOODS_1_189_TX_1_evaluation,FOODS_1_189,FOODS_1,FOODS,TX_1,TX,d_1,0,1,2011-01-29,11101,Saturday,1,1,2011,,,,,0,0,0,2.79
FOODS_1_190_TX_1_evaluation,FOODS_1_190,FOODS_1,FOODS,TX_1,TX,d_1,0,1,2011-01-29,11101,Saturday,1,1,2011,,,,,0,0,0,0.98
FOODS_1_191_TX_1_evaluation,FOODS_1_191,FOODS_1,FOODS,TX_1,TX,d_1,0,1,2011-01-29,11101,Saturday,1,1,2011,,,,,0,0,0,5.61
FOODS_1_192_TX_1_evaluation,FOODS_1_192,FOODS_1,FOODS,TX_1,TX,d_1,4,1,2011-01-29,11101,Saturday,1,1,2011,,,,,0,0,0,2.38
FOODS_1_193_TX_1_evaluation,FOODS_1_193,FOODS_1,FOODS,TX_1,TX,d_1,0,1,2011-01-29,11101,Saturday,1,1,2011,,,,,0,0,0,5.72
FOODS_1_194_TX_1_evaluation,FOODS_1_194,FOODS_1,FOODS,TX_1,TX,d_1,2,1,2011-01-29,11101,Saturday,1,1,2011,,,,,0,0,0,3.97
FOODS_1_195_TX_1_evaluation,FOODS_1_195,FOODS_1,FOODS,TX_1,TX,d_1,2,1,2011-01-29,11101,Saturday,1,1,2011,,,,,0,0,0,2.12
FOODS_1_196_TX_1_evaluation,FOODS_1_196,FOODS_1,FOODS,TX_1,TX,d_1,0,1,2011-01-29,11101,Saturday,1,1,2011,,,,,0,0,0,1.97
FOODS_1_197_TX_1_evaluation,FOODS_1_197,FOODS_1,FOODS,TX_1,TX,d_1,1,1,2011-01-29,11101,Saturday,1,1,2011,,,,,0,0,0,3.97
FOODS_1_198_TX_1_evaluation,FOODS_1_198,FOODS_1,FOODS,TX_1,TX,d_1,0,1,2011-01-29,11101,Saturday,1,1,2011,,,,,0,0,0,2.28
FOODS_1_199_TX_1_evaluation,FOODS_1_199,FOODS_1,FOODS,TX_1,TX,d_1,0,1,2011-01-29,11101,Saturday,1,1,2011,,,,,0,0,0,6.71
FOODS_1_200_TX_1_evaluation,FOODS_1_200,FOODS_1,FOODS,TX_1,TX,d_1,0,1,2011-01-29,11101,Saturday,1,1,2011,,,,,0,0,0,0.98
FOODS_1_201_TX_1_evaluation,FOODS_1_201,FOODS_1,FOODS,TX_1,TX,d_1,9,1,2011-01-29,11101,Saturday,1,1,2011,,,,,0,0,0,2.0
FOODS_1_202_TX_1_evaluation,FOODS_1_202,FOODS_1,FOODS,TX_1,TX,d_1,0,1,2011-01-29,11101,Saturday,1,1,2011,,,,,0,0,0,0.98
FOODS_1_203_TX_1_evaluation,FOODS_1_203,FOODS_1,FOODS,TX_1,TX,d_1,2,1,2011-01-29,11101,Saturday,1,1,2011,,,,,0,0,0,2.0
FOODS_1_001_WI_1_evaluation,FOODS_1_001,FOODS_1,FOODS,WI_1,WI,d_1,0,1,2011-01-29,11101,Saturday,1,1,2011,,,,,0,0,0,2.0
FOODS_1_002_WI_1_evaluation,FOODS_1_002,FOODS_1,FOODS,WI_1,WI,d_1,0,1,2011-01-29,11101,Saturday,1,1,2011,,,,,0,0,0,7.88
FOODS_1_003_WI_1_evaluation,FOODS_1_003,FOODS_1,FOODS,WI_1,WI,d_1,4,1,2011-01-29,11101,Saturday,1,1,2011,,,,,0,0,0,2.88
FOODS_1_004_WI_1_evaluation,FOODS_1_004,FOODS_1,FOODS,WI_1,WI,d_1,0,1,2011-01-29,11101,Saturday,1,1,2011,,,,,0,0,0,1.78
FOODS_1_005_WI_1_evaluation,FOODS_1_005,FOODS_1,FOODS,WI_1,WI,d_1,3,1,2011-01-29,11101,Saturday,1,1,2011,,,,,0,0,0,2.94
FOODS_1_006_WI_1_evaluation,FOODS_1_006,FOODS_1,FOODS,WI_1,WI,d_1,3,1,2011-01-29,11101,Saturday,1,1,2011,,,,,0,0,0,1.97
FOODS_1_008_WI_1_evaluation,FOODS_1_008,FOODS_1,FOODS,WI_1,WI,d_1,0,1,2011-01-29,11101,Saturday,1,1,2011,,,,,0,0,0,3.28
FOODS_1_009_WI_1_evaluation,FOODS_1_009,FOODS_1,FOODS,WI_1,WI,d_1,0,1,2011-01-29,11101,Saturday,1,1,2011,,,,,0,0,0,2.68
FOODS_1_010_WI_1_evaluation,FOODS_1_010,FOODS_1,FOODS,WI_1,WI,d_1,0,1,2011-01-29,11101,Saturday,1,1,2011,,,,,0,0,0,6.79
FOODS_1_011_WI_1_evaluation,FOODS_1_011,FOODS_1,FOODS,WI_1,WI,d_1,0,1,2011-01-29,11101,Saturday,1,1,2011,,,,,0,0,0,2.28
FOODS_1_012_WI_1_evaluation,FOODS_1_012,FOODS_1,FOODS,WI_1,WI,d_1,0,1,2011-01-29,11101,Saturday,1,1,2011,,,,,0,0,0,8.16
FOODS_1_013_WI_1_evaluation,FOODS_1_013,FOODS_1,FOODS,WI_1,WI,d_1,0,1,2011-01-29,11101,Saturday,1,1,2011,,,,,0,0,0,1.25
FOODS_1_014_WI_1_evaluation,FOODS_1_014,FOODS_1,FOODS,WI_1,WI,d_1,0,1,2011-01-29,11101,Saturday,1,1,2011,,,,,0,0,0,0.98
FOODS_1_015_WI_1_evaluation,FOODS_1_015,FOODS_1,FOODS,WI_1,WI,d_1,0,1,2011-01-29,11101,Saturday,1,1,2011,,,,,0,0,0,2.78
FOODS_1_016_WI_1_evaluation,FOODS_1_016,FOODS_1,FOODS,WI_1,WI,d_1,1,1,2011-01-29,11101,Saturday,1,1,2011,,,,,0,0,0,1.96
FOODS_1_017_WI_1_evaluation,FOODS_1_017,FOODS_1,FOODS,WI_1,WI,d_1,0,1,2011-01-29,11101,Saturday,1,1,2011,,,,,0,0,0,2.68
FOODS_1_018_WI_1_evaluation,FOODS_1_018,FOODS_1,FOODS,WI_1,WI,d_1,9,1,2011-01-29,11101,Saturday,1,1,2011,,,,,0,0,0,1.0
FOODS_1_019_WI_1_evaluation,FOODS_1_019,FOODS_1,FOODS,WI_1,WI,d_1,8,1,2011-01-29,11101,Saturday,1,1,2011,,,,,0,0,0,0.97
FOODS_1_020_WI_1_evaluation,FOODS_1_020,FOODS_1,FOODS,WI_1,WI,d_1,3,1,2011-01-29,11101,Saturday,1,1,2011,,,,,0,0,0,2.5
FOODS_1_021_WI_1_evaluation,FOODS_1_021,FOODS_1,FOODS,WI_1,WI,d_1,0,1,2011-01-29,11101,Saturday,1,1,2011,,,,,0,0,0,0.98
FOODS_1_022_WI_1_evaluation,FOODS_1_022,FOODS_1,FOODS,WI_1,WI,d_1,0,1,2011-01-29,11101,Saturday,1,1,2011,,,,,0,0,0,6.03
FOODS_1_023_WI_1_evaluation,FOODS_1_023,FOODS_1,FOODS,WI_1,WI,d_1,0,1,2011-01-29,11101,Saturday,1,1,2011,,,,,0,0,0,8.22
FOODS_1_024_WI_1_evaluation,FOODS_1_024,FOODS_1,FOODS,WI_1,WI,d_1,13,1,2011-01-29,11101,Saturday,1,1,2011,,,,,0,0,0,3.97
FOODS_1_025_WI_1_evaluation,FOODS_1_025,FOODS_1,FOODS,WI_1,WI,d_1,0,1,2011-01-29,11101,Saturday,1,1,2011,,,,,0,0,0,3.94
FOODS_1_026_WI_1_evaluation,FOODS_1_026,FOODS_1,FOODS,WI_1,WI,d_1,2,1,2011-01-29,11101,Saturday,1,1,2011,,,,,0,0,0,6.38
FOODS_1_027_WI_1_evaluation,FOODS_1_027,FOODS_1,FOODS,WI_1,WI,d_1,0,1,2011-01-29,11101,Saturday,1,1,2011,,,,,0,0,0,1.78
FOODS_1_028_WI_1_evaluation,FOODS_1_028,FOODS_1,FOODS,WI_1,WI,d_1,0,1,2011-01-29,11101,Saturday,1,1,2011,,,,,0,0,0,2.98
FOODS_1_029_WI_1_evaluation,FOODS_1_029,FOODS_1,FOODS,WI_1,WI,d_1,0,1,2011-01-29,11101,Saturday,1,1,2011,,,,,0,0,0,3.18
FOODS_1_030_WI_1_evaluation,FOODS_1_030,FOODS_1,FOODS,WI_1,WI,d_1,0,1,2011-01-29,11101,Saturday,1,1,2011,,,,,0,0,0,2.78
FOODS_1_031_WI_1_evaluation,FOODS_1_031,FOODS_1,FOODS,WI_1,WI,d_1,6,1,2011-01-29,11101,Saturday,1,1,2011,,,,,0,0,0,2.94
FOODS_1_032_WI_1_evaluation,FOODS_1_032,FOODS_1,FOODS,WI_1,WI,d_1,9,1,2011-01-29,11101,Saturday,1,1,2011,,,,,0,0,0,1.0
FOODS_1_033_WI_1_evaluation,FOODS_1_033,FOODS_1,FOODS,WI_1,WI,d_1,0,1,2011-01-29,11101,Saturday,1,1,2011,,,,,0,0,0,6.79
FOODS_1_034_WI_1_evaluation,FOODS_1_034,FOODS_1,FOODS,WI_1,WI,d_1,0,1,2011-01-29,11101,Saturday,1,1,2011,,,,,0,0,0,7.88
FOODS_1_035_WI_1_evaluation,FOODS_1_035,FOODS_1,FOODS,WI_1,WI,d_1,0,1,2011-01-29,11101,Saturday,1,1,2011,,,,,0,0,0,2.28
FOODS_1_036_WI_1_evaluation,FOODS_1_036,FOODS_1,FOODS,WI_1,WI,d_1,9,1,2011-01-29,11101,Saturday,1,1,2011,,,,,0,0,0,1.5
FOODS_1_037_WI_1_evaluation,FOODS_1_037,FOODS_1,FOODS,WI_1,WI,d_1,0,1,2011-01-29,11101,Saturday,1,1,2011,,,,,0,0,0,2.97
FOODS_1_038_WI_1_evaluation,FOODS_1_038,FOODS_1,FOODS,WI_1,WI,d_1,0,1,2011-01-29,11101,Saturday,1,1,2011,,,,,0,0,0,7.97
FOODS_1_039_WI_1_evaluation,FOODS_1_039,FOODS_1,FOODS,WI_1,WI,d_1,0,1,2011-01-29,11101,Saturday,1,1,2011,,,,,0,0,0,2.48
FOODS_1_040_WI_1_evaluation,FOODS_1_040,FOODS_1,FOODS,WI_1,WI,d_1,2,1,2011-01-29,11101,Saturday,1,1,2011,,,,,0,0,0,1.76
FOODS_1_041_WI_1_evaluation,FOODS_1_041,FOODS_1,FOODS,WI_1,WI,d_1,3,1,2011-01-29,11101,Saturday,1,1,2011,,,,,0,0,0,2.18
FOODS_1_042_WI_1_evaluation,FOODS_1_042,FOODS_1,FOODS,WI_1,WI,d_1,0,1,2011-01-29,11101,Saturday,1,1,2011,,,,,0,0,0,0.98
FOODS_1_043_WI_1_evaluation,FOODS_1_043,FOODS_1,FOODS,WI_1,WI,d_1,0,1,2011-01-29,11101,Saturday,1,1,2011,,,,,0,0,0,1.78
FOODS_1_044_WI_1_evaluation,FOODS_1_044,FOODS_1,FOODS,WI_1,WI,d_1,38,1,2011-01-29,11101,Saturday,1,1,2011,,,,,0,0,0,2.5
FOODS_1_045_WI_1_evaluation,FOODS_1_045,FOODS_1,FOODS,WI_1,WI,d_1,0,1,2011-01-29,11101,Saturday,1,1,2011,,,,,0,0,0,1.76
FOODS_1_046_WI_1_evaluation,FOODS_1_046,FOODS_1,FOODS,WI_1,WI,d_1,14,1,2011-01-29,11101,Saturday,1,1,2011,,,,,0,0,0,1.0
FOODS_1_047_WI_1_evaluation,FOODS_1_047,FOODS_1,FOODS,WI_1,WI,d_1,1,1,2011-01-29,11101,Saturday,1,1,2011,,,,,0,0,0,2.94
FOODS_1_048_WI_1_evaluation,FOODS_1_048,FOODS_1,FOODS,WI_1,WI,d_1,0,1,2011-01-29,11101,Saturday,1,1,2011,,,,,0,0,0,5.98
FOODS_1_049_WI_1_evaluation,FOODS_1_049,FOODS_1,FOODS,WI_1,WI,d_1,0,1,2011-01-29,11101,Saturday,1,1,2011,,,,,0,0,0,2.18
FOODS_1_050_WI_1_evaluation,FOODS_1_050,FOODS_1,FOODS,WI_1,WI,d_1,0,1,2011-01-29,11101,Saturday,1,1,2011,,,,,0,0,0,5.98
FOODS_1_051_WI_1_evaluation,FOODS_1_051,FOODS_1,FOODS,WI_1,WI,d_1,0,1,2011-01-29,11101,Saturday,1,1,2011,,,,,0,0,0,3.87
FOODS_1_052_WI_1_evaluation,FOODS_1_052,FOODS_1,FOODS,WI_1,WI,d_1,0,1,2011-01-29,11101,Saturday,1,1,2011,,,,,0,0,0,0.98
FOODS_1_053_WI_1_evaluation,FOODS_1_053,FOODS_1,FOODS,WI_1,WI,d_1,0,1,2011-01-29,11101,Saturday,1,1,2011,,,,,0,0,0,7.88
FOODS_1_054_WI_1_evaluation,FOODS_1_054,FOODS_1,FOODS,WI_1,WI,d_1,0,1,2011-01-29,11101,Saturday,1,1,2011,,,,,0,0,0,1.68
FOODS_1_055_WI_1_evaluation,FOODS_1_055,FOODS_1,FOODS,WI_1,WI,d_1,6,1,2011-01-29,11101,Saturday,1,1,2011,,,,,0,0,0,3.12
FOODS_1_056_WI_1_evaluation,FOODS_1_056,FOODS_1,FOODS,WI_1,WI,d_1,0,1,2011-01-29,11101,Saturday,1,1,2011,,,,,0,0,0,2.24
FOODS_1_057_WI_1_evaluation,FOODS_1_057,FOODS_1,FOODS,WI_1,WI,d_1,0,1,2011-01-29,11101,Saturday,1,1,2011,,,,,0,0,0,2.24
FOODS_1_058_WI_1_evaluation,FOODS_1_058,FOODS_1,FOODS,WI_1,WI,d_1,0,1,2011-01-29,11101,Saturday,1,1,2011,,,,,0,0,0,1.78
FOODS_1_059_WI_1_evaluation,FOODS_1_059,FOODS_1,FOODS,WI_1,WI,d_1,0,1,2011-01-29,11101,Saturday,1,1,2011,,,,,0,0,0,6.86
FOODS_1_060_WI_1_evaluation,FOODS_1_060,FOODS_1,FOODS,WI_1,WI,d_1,0,1,2011-01-29,11101,Saturday,1,1,2011,,,,,0,0,0,1.68
FOODS_1_061_WI_1_evaluation,FOODS_1_061,FOODS_1,FOODS,WI_1,WI,d_1,0,1,2011-01-29,11101,Saturday,1,1,2011,,,,,0,0,0,2.0
FOODS_1_062_WI_1_evaluation,FOODS_1_062,FOODS_1,FOODS,WI_1,WI,d_1,2,1,2011-01-29,11101,Saturday,1,1,2011,,,,,0,0,0,3.18
FOODS_1_063_WI_1_evaluation,FOODS_1_063,FOODS_1,FOODS,WI_1,WI,d_1,2,1,2011-01-29,11101,Saturday,1,1,2011,,,,,0,0,0,1.97
FOODS_1_064_WI_1_evaluation,FOODS_1_064,FOODS_1,FOODS,WI_1,WI,d_1,2,1,2011-01-29,11101,Saturday,1,1,2011,,,,,0,0,0,2.54
FOODS_1_065_WI_1_evaluation,FOODS_1_065,FOODS_1,FOODS,WI_1,WI,d_1,1,1,2011-01-29,11101,Saturday,1,1,2011,,,,,0,0,0,2.94
FOODS_1_066_WI_1_evaluation,FOODS_1_066,FOODS_1,FOODS,WI_1,WI,d_1,6,1,2011-01-29,11101,Saturday,1,1,2011,,,,,0,0,0,1.33
FOODS_1_067_WI_1_evaluation,FOODS_1_067,FOODS_1,FOODS,WI_1,WI,d_1,13,1,2011-01-29,11101,Saturday,1,1,2011,,,,,0,0,0,1.97
FOODS_1_068_WI_1_evaluation,FOODS_1_068,FOODS_1,FOODS,WI_1,WI,d_1,0,1,2011-01-29,11101,Saturday,1,1,2011,,,,,0,0,0,3.58
FOODS_1_069_WI_1_evaluation,FOODS_1_069,FOODS_1,FOODS,WI_1,WI,d_1,0,1,2011-01-29,11101,Saturday,1,1,2011,,,,,0,0,0,2.18
FOODS_1_070_WI_1_evaluation,FOODS_1_070,FOODS_1,FOODS,WI_1,WI,d_1,0,1,2011-01-29,11101,Saturday,1,1,2011,,,,,0,0,0,0.98
FOODS_1_071_WI_1_evaluation,FOODS_1_071,FOODS_1,FOODS,WI_1,WI,d_1,0,1,2011-01-29,11101,Saturday,1,1,2011,,,,,0,0,0,1.97
FOODS_1_072_WI_1_evaluation,FOODS_1_072,FOODS_1,FOODS,WI_1,WI,d_1,0,1,2011-01-29,11101,Saturday,1,1,2011,,,,,0,0,0,3.97
FOODS_1_073_WI_1_evaluation,FOODS_1_073,FOODS_1,FOODS,WI_1,WI,d_1,3,1,2011-01-29,11101,Saturday,1,1,2011,,,,,0,0,0,1.76
FOODS_1_074_WI_1_evaluation,FOODS_1_074,FOODS_1,FOODS,WI_1,WI,d_1,2,1,2011-01-29,11101,Saturday,1,1,2011,,,,,0,0,0,2.18
FOODS_1_075_WI_1_evaluation,FOODS_1_075,FOODS_1,FOODS,WI_1,WI,d_1,3,1,2011-01-29,11101,Saturday,1,1,2011,,,,,0,0,0,2.94
FOODS_1_076_WI_1_evaluation,FOODS_1_076,FOODS_1,FOODS,WI_1,WI,d_1,0,1,2011-01-29,11101,Saturday,1,1,2011,,,,,0,0,0,7.88
FOODS_1_077_WI_1_evaluation,FOODS_1_077,FOODS_1,FOODS,WI_1,WI,d_1,0,1,2011-01-29,11101,Saturday,1,1,2011,,,,,0,0,0,2.97
FOODS_1_078_WI_1_evaluation,FOODS_1_078,FOODS_1,FOODS,WI_1,WI,d_1,0,1,2011-01-29,11101,Saturday,1,1,2011,,,,,0,0,0,3.24
FOODS_1_079_WI_1_evaluation,FOODS_1_079,FOODS_1,FOODS,WI_1,WI,d_1,0,1,2011-01-29,11101,Saturday,1,1,2011,,,,,0,0,0,7.67
FOODS_1_080_WI_1_evaluation,FOODS_1_080,FOODS_1,FOODS,WI_1,WI,d_1,0,1,2011-01-29,11101,Saturday,1,1,2011,,,,,0,0,0,6.97
FOODS_1_081_WI_1_evaluation,FOODS_1_081,FOODS_1,FOODS,WI_1,WI,d_1,0,1,2011-01-29,11101,Saturday,1,1,2011,,,,,0,0,0,8.22
FOODS_1_082_WI_1_evaluation,FOODS_1_082,FOODS_1,FOODS,WI_1,WI,d_1,0,1,2011-01-29,11101,Saturday,1,1,2011,,,,,0,0,0,0.98
FOODS_1_083_WI_1_evaluation,FOODS_1_083,FOODS_1,FOODS,WI_1,WI,d_1,0,1,2011-01-29,11101,Saturday,1,1,2011,,,,,0,0,0,1.97
FOODS_1_084_WI_1_evaluation,FOODS_1_084,FOODS_1,FOODS,WI_1,WI,d_1,1,1,2011-01-29,11101,Saturday,1,1,2011,,,,,0,0,0,7.67
FOODS_1_085_WI_1_evaluation,FOODS_1_085,FOODS_1,FOODS,WI_1,WI,d_1,17,1,2011-01-29,11101,Saturday,1,1,2011,,,,,0,0,0,1.0
FOODS_1_086_WI_1_evaluation,FOODS_1_086,FOODS_1,FOODS,WI_1,WI,d_1,14,1,2011-01-29,11101,Saturday,1,1,2011,,,,,0,0,0,1.48
FOODS_1_087_WI_1_evaluation,FOODS_1_087,FOODS_1,FOODS,WI_1,WI,d_1,0,1,2011-01-29,11101,Saturday,1,1,2011,,,,,0,0,0,6.79
FOODS_1_088_WI_1_evaluation,FOODS_1_088,FOODS_1,FOODS,WI_1,WI,d_1,2,1,2011-01-29,11101,Saturday,1,1,2011,,,,,0,0,0,3.97
FOODS_1_089_WI_1_evaluation,FOODS_1_089,FOODS_1,FOODS,WI_1,WI,d_1,0,1,2011-01-29,11101,Saturday,1,1,2011,,,,,0,0,0,3.24
FOODS_1_090_WI_1_evaluation,FOODS_1_090,FOODS_1,FOODS,WI_1,WI,d_1,3,1,2011-01-29,11101,Saturday,1,1,2011,,,,,0,0,0,2.94
FOODS_1_091_WI_1_evaluation,FOODS_1_091,FOODS_1,FOODS,WI_1,WI,d_1,0,1,2011-01-29,11101,Saturday,1,1,2011,,,,,0,0,0,2.38
FOODS_1_092_WI_1_evaluation,FOODS_1_092,FOODS_1,FOODS,WI_1,WI,d_1,0,1,2011-01-29,11101,Saturday,1,1,2011,,,,,0,0,0,1.78
FOODS_1_093_WI_1_evaluation,FOODS_1_093,FOODS_1,FOODS,WI_1,WI,d_1,0,1,2011-01-29,11101,Saturday,1,1,2011,,,,,0,0,0,6.79
FOODS_1_094_WI_1_evaluation,FOODS_1_094,FOODS_1,FOODS,WI_1,WI,d_1,5,1,2011-01-29,11101,Saturday,1,1,2011,,,,,0,0,0,2.94
FOODS_1_095_WI_1_evaluation,FOODS_1_095,FOODS_1,FOODS,WI_1,WI,d_1,1,1,2011-01-29,11101,Saturday,1,1,2011,,,,,0,0,0,3.96
FOODS_1_096_WI_1_evaluation,FOODS_1_096,FOODS_1,FOODS,WI_1,WI,d_1,3,1,2011-01-29,11101,Saturday,1,1,2011,,,,,0,0,0,8.53
FOODS_1_097_WI_1_evaluation,FOODS_1_097,FOODS_1,FOODS,WI_1,WI,d_1,0,1,2011-01-29,11101,Saturday,1,1,2011,,,,,0,0,0,0.98
FOODS_1_098_WI_1_evaluation,FOODS_1_098,FOODS_1,FOODS,WI_1,WI,d_1,0,1,2011-01-29,11101,Saturday,1,1,2011,,,,,0,0,0,7.0
FOODS_1_099_WI_1_evaluation,FOODS_1_099,FOODS_1,FOODS,WI_1,WI,d_1,0,1,2011-01-29,11101,Saturday,1,1,2011,,,,,0,0,0,0.98
FOODS_1_101_WI_1_evaluation,FOODS_1_101,FOODS_1,FOODS,WI_1,WI,d_1,0,1,2011-01-29,11101,Saturday,1,1,2011,,,,,0,0,0,1.97
FOODS_1_102_WI_1_evaluation,FOODS_1_102,FOODS_1,FOODS,WI_1,WI,d_1,0,1,2011-01-29,11101,Saturday,1,1,2011,,,,,0,0,0,1.64
FOODS_1_103_WI_1_evaluation,FOODS_1_103,FOODS_1,FOODS,WI_1,WI,d_1,4,1,2011-01-29,11101,Saturday,1,1,2011,,,,,0,0,0,3.18
FOODS_1_104_WI_1_evaluation,FOODS_1_104,FOODS_1,FOODS,WI_1,WI,d_1,1,1,2011-01-29,11101,Saturday,1,1,2011,,,,,0,0,0,2.94
FOODS_1_105_WI_1_evaluation,FOODS_1_105,FOODS_1,FOODS,WI_1,WI,d_1,0,1,2011-01-29,11101,Saturday,1,1,2011,,,,,0,0,0,1.88
FOODS_1_106_WI_1_evaluation,FOODS_1_106,FOODS_1,FOODS,WI_1,WI,d_1,5,1,2011-01-29,11101,Saturday,1,1,2011,,,,,0,0,0,2.94
FOODS_1_107_WI_1_evaluation,FOODS_1_107,FOODS_1,FOODS,WI_1,WI,d_1,0,1,2011-01-29,11101,Saturday,1,1,2011,,,,,0,0,0,7.67
FOODS_1_108_WI_1_evaluation,FOODS_1_108,FOODS_1,FOODS,WI_1,WI,d_1,3,1,2011-01-29,11101,Saturday,1,1,2011,,,,,0,0,0,2.5
FOODS_1_109_WI_1_evaluation,FOODS_1_109,FOODS_1,FOODS,WI_1,WI,d_1,0,1,2011-01-29,11101,Saturday,1,1,2011,,,,,0,0,0,2.0
FOODS_1_110_WI_1_evaluation,FOODS_1_110,FOODS_1,FOODS,WI_1,WI,d_1,0,1,2011-01-29,11101,Saturday,1,1,2011,,,,,0,0,0,1.78
FOODS_1_111_WI_1_evaluation,FOODS_1_111,FOODS_1,FOODS,WI_1,WI,d_1,0,1,2011-01-29,11101,Saturday,1,1,2011,,,,,0,0,0,5.98
FOODS_1_112_WI_1_evaluation,FOODS_1_112,FOODS_1,FOODS,WI_1,WI,d_1,2,1,2011-01-29,11101,Saturday,1,1,2011,,,,,0,0,0,1.98
FOODS_1_113_WI_1_evaluation,FOODS_1_113,FOODS_1,FOODS,WI_1,WI,d_1,0,1,2011-01-29,11101,Saturday,1,1,2011,,,,,0,0,0,0.98
FOODS_1_114_WI_1_evaluation,FOODS_1_114,FOODS_1,FOODS,WI_1,WI,d_1,1,1,2011-01-29,11101,Saturday,1,1,2011,,,,,0,0,0,2.94
FOODS_1_115_WI_1_evaluation,FOODS_1_115,FOODS_1,FOODS,WI_1,WI,d_1,0,1,2011-01-29,11101,Saturday,1,1,2011,,,,,0,0,0,3.58
FOODS_1_116_WI_1_evaluation,FOODS_1_116,FOODS_1,FOODS,WI_1,WI,d_1,2,1,2011-01-29,11101,Saturday,1,1,2011,,,,,0,0,0,2.18
FOODS_1_117_WI_1_evaluation,FOODS_1_117,FOODS_1,FOODS,WI_1,WI,d_1,4,1,2011-01-29,11101,Saturday,1,1,2011,,,,,0,0,0,2.0
FOODS_1_118_WI_1_evaluation,FOODS_1_118,FOODS_1,FOODS,WI_1,WI,d_1,0,1,2011-01-29,11101,Saturday,1,1,2011,,,,,0,0,0,0.98
FOODS_1_119_WI_1_evaluation,FOODS_1_119,FOODS_1,FOODS,WI_1,WI,d_1,1,1,2011-01-29,11101,Saturday,1,1,2011,,,,,0,0,0,2.94
FOODS_1_120_WI_1_evaluation,FOODS_1_120,FOODS_1,FOODS,WI_1,WI,d_1,0,1,2011-01-29,11101,Saturday,1,1,2011,,,,,0,0,0,1.78
FOODS_1_121_WI_1_evaluation,FOODS_1_121,FOODS_1,FOODS,WI_1,WI,d_1,1,1,2011-01-29,11101,Saturday,1,1,2011,,,,,0,0,0,1.0
FOODS_1_122_WI_1_evaluation,FOODS_1_122,FOODS_1,FOODS,WI_1,WI,d_1,0,1,2011-01-29,11101,Saturday,1,1,2011,,,,,0,0,0,1.98
FOODS_1_123_WI_1_evaluation,FOODS_1_123,FOODS_1,FOODS,WI_1,WI,d_1,3,1,2011-01-29,11101,Saturday,1,1,2011,,,,,0,0,0,2.94
FOODS_1_124_WI_1_evaluation,FOODS_1_124,FOODS_1,FOODS,WI_1,WI,d_1,5,1,2011-01-29,11101,Saturday,1,1,2011,,,,,0,0,0,2.0
FOODS_1_125_WI_1_evaluation,FOODS_1_125,FOODS_1,FOODS,WI_1,WI,d_1,0,1,2011-01-29,11101,Saturday,1,1,2011,,,,,0,0,0,4.98
FOODS_1_126_WI_1_evaluation,FOODS_1_126,FOODS_1,FOODS,WI_1,WI,d_1,0,1,2011-01-29,11101,Saturday,1,1,2011,,,,,0,0,0,2.68
FOODS_1_127_WI_1_evaluation,FOODS_1_127,FOODS_1,FOODS,WI_1,WI,d_1,5,1,2011-01-29,11101,Saturday,1,1,2011,,,,,0,0,0,1.76
FOODS_1_128_WI_1_evaluation,FOODS_1_128,FOODS_1,FOODS,WI_1,WI,d_1,0,1,2011-01-29,11101,Saturday,1,1,2011,,,,,0,0,0,3.18
FOODS_1_129_WI_1_evaluation,FOODS_1_129,FOODS_1,FOODS,WI_1,WI,d_1,0,1,2011-01-29,11101,Saturday,1,1,2011,,,,,0,0,0,8.53
FOODS_1_130_WI_1_evaluation,FOODS_1_130,FOODS_1,FOODS,WI_1,WI,d_1,4,1,2011-01-29,11101,Saturday,1,1,2011,,,,,0,0,0,1.5
FOODS_1_131_WI_1_evaluation,FOODS_1_131,FOODS_1,FOODS,WI_1,WI,d_1,0,1,2011-01-29,11101,Saturday,1,1,2011,,,,,0,0,0,2.78
FOODS_1_132_WI_1_evaluation,FOODS_1_132,FOODS_1,FOODS,WI_1,WI,d_1,0,1,2011-01-29,11101,Saturday,1,1,2011,,,,,0,0,0,1.78
FOODS_1_133_WI_1_evaluation,FOODS_1_133,FOODS_1,FOODS,WI_1,WI,d_1,1,1,2011-01-29,11101,Saturday,1,1,2011,,,,,0,0,0,2.78
FOODS_1_134_WI_1_evaluation,FOODS_1_134,FOODS_1,FOODS,WI_1,WI,d_1,0,1,2011-01-29,11101,Saturday,1,1,2011,,,,,0,0,0,1.98
FOODS_1_135_WI_1_evaluation,FOODS_1_135,FOODS_1,FOODS,WI_1,WI,d_1,0,1,2011-01-29,11101,Saturday,1,1,2011,,,,,0,0,0,2.18
FOODS_1_136_WI_1_evaluation,FOODS_1_136,FOODS_1,FOODS,WI_1,WI,d_1,3,1,2011-01-29,11101,Saturday,1,1,2011,,,,,0,0,0,3.97
FOODS_1_137_WI_1_evaluation,FOODS_1_137,FOODS_1,FOODS,WI_1,WI,d_1,1,1,2011-01-29,11101,Saturday,1,1,2011,,,,,0,0,0,1.97
FOODS_1_138_WI_1_evaluation,FOODS_1_138,FOODS_1,FOODS,WI_1,WI,d_1,0,1,2011-01-29,11101,Saturday,1,1,2011,,,,,0,0,0,2.18
FOODS_1_139_WI_1_evaluation,FOODS_1_139,FOODS_1,FOODS,WI_1,WI,d_1,0,1,2011-01-29,11101,Saturday,1,1,2011,,,,,0,0,0,0.98
FOODS_1_140_WI_1_evaluation,FOODS_1_140,FOODS_1,FOODS,WI_1,WI,d_1,2,1,2011-01-29,11101,Saturday,1,1,2011,,,,,0,0,0,6.38
FOODS_1_141_WI_1_evaluation,FOODS_1_141,FOODS_1,FOODS,WI_1,WI,d_1,4,1,2011-01-29,11101,Saturday,1,1,2011,,,,,0,0,0,2.94
FOODS_1_142_WI_1_evaluation,FOODS_1_142,FOODS_1,FOODS,WI_1,WI,d_1,4,1,2011-01-29,11101,Saturday,1,1,2011,,,,,0,0,0,1.25
FOODS_1_143_WI_1_evaluation,FOODS_1_143,FOODS_1,FOODS,WI_1,WI,d_1,2,1,2011-01-29,11101,Saturday,1,1,2011,,,,,0,0,0,1.97
FOODS_1_144_WI_1_evaluation,FOODS_1_144,FOODS_1,FOODS,WI_1,WI,d_1,1,1,2011-01-29,11101,Saturday,1,1,2011,,,,,0,0,0,6.68
FOODS_1_145_WI_1_evaluation,FOODS_1_145,FOODS_1,FOODS,WI_1,WI,d_1,0,1,2011-01-29,11101,Saturday,1,1,2011,,,,,0,0,0,0.98
FOODS_1_146_WI_1_evaluation,FOODS_1_146,FOODS_1,FOODS,WI_1,WI,d_1,4,1,2011-01-29,11101,Saturday,1,1,2011,,,,,0,0,0,2.18
FOODS_1_147_WI_1_evaluation,FOODS_1_147,FOODS_1,FOODS,WI_1,WI,d_1,0,1,2011-01-29,11101,Saturday,1,1,2011,,,,,0,0,0,6.79
FOODS_1_148_WI_1_evaluation,FOODS_1_148,FOODS_1,FOODS,WI_1,WI,d_1,0,1,2011-01-29,11101,Saturday,1,1,2011,,,,,0,0,0,6.03
FOODS_1_149_WI_1_evaluation,FOODS_1_149,FOODS_1,FOODS,WI_1,WI,d_1,0,1,2011-01-29,11101,Saturday,1,1,2011,,,,,0,0,0,0.98
FOODS_1_150_WI_1_evaluation,FOODS_1_150,FOODS_1,FOODS,WI_1,WI,d_1,0,1,2011-01-29,11101,Saturday,1,1,2011,,,,,0,0,0,3.97
FOODS_1_151_WI_1_evaluation,FOODS_1_151,FOODS_1,FOODS,WI_1,WI,d_1,0,1,2011-01-29,11101,Saturday,1,1,2011,,,,,0,0,0,9.98
FOODS_1_152_WI_1_evaluation,FOODS_1_152,FOODS_1,FOODS,WI_1,WI,d_1,0,1,2011-01-29,11101,Saturday,1,1,2011,,,,,0,0,0,6.98
FOODS_1_153_WI_1_evaluation,FOODS_1_153,FOODS_1,FOODS,WI_1,WI,d_1,0,1,2011-01-29,11101,Saturday,1,1,2011,,,,,0,0,0,1.68
FOODS_1_154_WI_1_evaluation,FOODS_1_154,FOODS_1,FOODS,WI_1,WI,d_1,0,1,2011-01-29,11101,Saturday,1,1,2011,,,,,0,0,0,1.25
FOODS_1_155_WI_1_evaluation,FOODS_1_155,FOODS_1,FOODS,WI_1,WI,d_1,0,1,2011-01-29,11101,Saturday,1,1,2011,,,,,0,0,0,0.98
FOODS_1_156_WI_1_evaluation,FOODS_1_156,FOODS_1,FOODS,WI_1,WI,d_1,0,1,2011-01-29,11101,Saturday,1,1,2011,,,,,0,0,0,2.68
FOODS_1_157_WI_1_evaluation,FOODS_1_157,FOODS_1,FOODS,WI_1,WI,d_1,0,1,2011-01-29,11101,Saturday,1,1,2011,,,,,0,0,0,6.08
FOODS_1_158_WI_1_evaluation,FOODS_1_158,FOODS_1,FOODS,WI_1,WI,d_1,0,1,2011-01-29,11101,Saturday,1,1,2011,,,,,0,0,0,4.98
FOODS_1_159_WI_1_evaluation,FOODS_1_159,FOODS_1,FOODS,WI_1,WI,d_1,0,1,2011-01-29,11101,Saturday,1,1,2011,,,,,0,0,0,6.08
FOODS_1_160_WI_1_evaluation,FOODS_1_160,FOODS_1,FOODS,WI_1,WI,d_1,0,1,2011-01-29,11101,Saturday,1,1,2011,,,,,0,0,0,2.24
FOODS_1_161_WI_1_evaluation,FOODS_1_161,FOODS_1,FOODS,WI_1,WI,d_1,4,1,2011-01-29,11101,Saturday,1,1,2011,,,,,0,0,0,1.0
FOODS_1_162_WI_1_evaluation,FOODS_1_162,FOODS_1,FOODS,WI_1,WI,d_1,0,1,2011-01-29,11101,Saturday,1,1,2011,,,,,0,0,0,1.78
FOODS_1_163_WI_1_evaluation,FOODS_1_163,FOODS_1,FOODS,WI_1,WI,d_1,0,1,2011-01-29,11101,Saturday,1,1,2011,,,,,0,0,0,0.98
FOODS_1_164_WI_1_evaluation,FOODS_1_164,FOODS_1,FOODS,WI_1,WI,d_1,0,1,2011-01-29,11101,Saturday,1,1,2011,,,,,0,0,0,8.16
FOODS_1_166_WI_1_evaluation,FOODS_1_166,FOODS_1,FOODS,WI_1,WI,d_1,3,1,2011-01-29,11101,Saturday,1,1,2011,,,,,0,0,0,2.0
FOODS_1_167_WI_1_evaluation,FOODS_1_167,FOODS_1,FOODS,WI_1,WI,d_1,0,1,2011-01-29,11101,Saturday,1,1,2011,,,,,0,0,0,3.97
FOODS_1_168_WI_1_evaluation,FOODS_1_168,FOODS_1,FOODS,WI_1,WI,d_1,0,1,2011-01-29,11101,Saturday,1,1,2011,,,,,0,0,0,2.0
FOODS_1_169_WI_1_evaluation,FOODS_1_169,FOODS_1,FOODS,WI_1,WI,d_1,0,1,2011-01-29,11101,Saturday,1,1,2011,,,,,0,0,0,3.24
FOODS_1_170_WI_1_evaluation,FOODS_1_170,FOODS_1,FOODS,WI_1,WI,d_1,0,1,2011-01-29,11101,Saturday,1,1,2011,,,,,0,0,0,8.16
FOODS_1_171_WI_1_evaluation,FOODS_1_171,FOODS_1,FOODS,WI_1,WI,d_1,0,1,2011-01-29,11101,Saturday,1,1,2011,,,,,0,0,0,8.22
FOODS_1_172_WI_1_evaluation,FOODS_1_172,FOODS_1,FOODS,WI_1,WI,d_1,5,1,2011-01-29,11101,Saturday,1,1,2011,,,,,0,0,0,1.68
FOODS_1_173_WI_1_evaluation,FOODS_1_173,FOODS_1,FOODS,WI_1,WI,d_1,7,1,2011-01-29,11101,Saturday,1,1,2011,,,,,0,0,0,1.97
FOODS_1_174_WI_1_evaluation,FOODS_1_174,FOODS_1,FOODS,WI_1,WI,d_1,3,1,2011-01-29,11101,Saturday,1,1,2011,,,,,0,0,0,3.97
FOODS_1_175_WI_1_evaluation,FOODS_1_175,FOODS_1,FOODS,WI_1,WI,d_1,0,1,2011-01-29,11101,Saturday,1,1,2011,,,,,0,0,0,2.88
FOODS_1_176_WI_1_evaluation,FOODS_1_176,FOODS_1,FOODS,WI_1,WI,d_1,0,1,2011-01-29,11101,Saturday,1,1,2011,,,,,0,0,0,2.97
FOODS_1_177_WI_1_evaluation,FOODS_1_177,FOODS_1,FOODS,WI_1,WI,d_1,1,1,2011-01-29,11101,Saturday,1,1,2011,,,,,0,0,0,7.97
FOODS_1_178_WI_1_evaluation,FOODS_1_178,FOODS_1,FOODS,WI_1,WI,d_1,1,1,2011-01-29,11101,Saturday,1,1,2011,,,,,0,0,0,8.97
FOODS_1_179_WI_1_evaluation,FOODS_1_179,FOODS_1,FOODS,WI_1,WI,d_1,0,1,2011-01-29,11101,Saturday,1,1,2011,,,,,0,0,0,3.58
FOODS_1_180_WI_1_evaluation,FOODS_1_180,FOODS_1,FOODS,WI_1,WI,d_1,0,1,2011-01-29,11101,Saturday,1,1,2011,,,,,0,0,0,8.88
FOODS_1_181_WI_1_evaluation,FOODS_1_181,FOODS_1,FOODS,WI_1,WI,d_1,0,1,2011-01-29,11101,Saturday,1,1,2011,,,,,0,0,0,1.28
FOODS_1_182_WI_1_evaluation,FOODS_1_182,FOODS_1,FOODS,WI_1,WI,d_1,0,1,2011-01-29,11101,Saturday,1,1,2011,,,,,0,0,0,1.97
FOODS_1_183_WI_1_evaluation,FOODS_1_183,FOODS_1,FOODS,WI_1,WI,d_1,0,1,2011-01-29,11101,Saturday,1,1,2011,,,,,0,0,0,2.88
FOODS_1_184_WI_1_evaluation,FOODS_1_184,FOODS_1,FOODS,WI_1,WI,d_1,0,1,2011-01-29,11101,Saturday,1,1,2011,,,,,0,0,0,1.0
FOODS_1_185_WI_1_evaluation,FOODS_1_185,FOODS_1,FOODS,WI_1,WI,d_1,0,1,2011-01-29,11101,Saturday,1,1,2011,,,,,0,0,0,2.0
FOODS_1_186_WI_1_evaluation,FOODS_1_186,FOODS_1,FOODS,WI_1,WI,d_1,0,1,2011-01-29,11101,Saturday,1,1,2011,,,,,0,0,0,5.98
FOODS_1_187_WI_1_evaluation,FOODS_1_187,FOODS_1,FOODS,WI_1,WI,d_1,0,1,2011-01-29,11101,Saturday,1,1,2011,,,,,0,0,0,7.97
FOODS_1_188_WI_1_evaluation,FOODS_1_188,FOODS_1,FOODS,WI_1,WI,d_1,0,1,2011-01-29,11101,Saturday,1,1,2011,,,,,0,0,0,2.98
FOODS_1_189_WI_1_evaluation,FOODS_1_189,FOODS_1,FOODS,WI_1,WI,d_1,0,1,2011-01-29,11101,Saturday,1,1,2011,,,,,0,0,0,2.68
FOODS_1_190_WI_1_evaluation,FOODS_1_190,FOODS_1,FOODS,WI_1,WI,d_1,0,1,2011-01-29,11101,Saturday,1,1,2011,,,,,0,0,0,0.98
FOODS_1_191_WI_1_evaluation,FOODS_1_191,FOODS_1,FOODS,WI_1,WI,d_1,0,1,2011-01-29,11101,Saturday,1,1,2011,,,,,0,0,0,6.79
FOODS_1_192_WI_1_evaluation,FOODS_1_192,FOODS_1,FOODS,WI_1,WI,d_1,1,1,2011-01-29,11101,Saturday,1,1,2011,,,,,0,0,0,2.38
FOODS_1_193_WI_1_evaluation,FOODS_1_193,FOODS_1,FOODS,WI_1,WI,d_1,0,1,2011-01-29,11101,Saturday,1,1,2011,,,,,0,0,0,6.08
FOODS_1_194_WI_1_evaluation,FOODS_1_194,FOODS_1,FOODS,WI_1,WI,d_1,15,1,2011-01-29,11101,Saturday,1,1,2011,,,,,0,0,0,3.97
FOODS_1_195_WI_1_evaluation,FOODS_1_195,FOODS_1,FOODS,WI_1,WI,d_1,1,1,2011-01-29,11101,Saturday,1,1,2011,,,,,0,0,0,2.18
FOODS_1_196_WI_1_evaluation,FOODS_1_196,FOODS_1,FOODS,WI_1,WI,d_1,2,1,2011-01-29,11101,Saturday,1,1,2011,,,,,0,0,0,1.97
FOODS_1_197_WI_1_evaluation,FOODS_1_197,FOODS_1,FOODS,WI_1,WI,d_1,2,1,2011-01-29,11101,Saturday,1,1,2011,,,,,0,0,0,3.97
FOODS_1_198_WI_1_evaluation,FOODS_1_198,FOODS_1,FOODS,WI_1,WI,d_1,0,1,2011-01-29,11101,Saturday,1,1,2011,,,,,0,0,0,2.28
FOODS_1_199_WI_1_evaluation,FOODS_1_199,FOODS_1,FOODS,WI_1,WI,d_1,0,1,2011-01-29,11101,Saturday,1,1,2011,,,,,0,0,0,8.16
FOODS_1_200_WI_1_evaluation,FOODS_1_200,FOODS_1,FOODS,WI_1,WI,d_1,0,1,2011-01-29,11101,Saturday,1,1,2011,,,,,0,0,0,0.98
FOODS_1_201_WI_1_evaluation,FOODS_1_201,FOODS_1,FOODS,WI_1,WI,d_1,4,1,2011-01-29,11101,Saturday,1,1,2011,,,,,0,0,0,2.0
FOODS_1_202_WI_1_evaluation,FOODS_1_202,FOODS_1,FOODS,WI_1,WI,d_1,0,1,2011-01-29,11101,Saturday,1,1,2011,,,,,0,0,0,0.98
FOODS_1_203_WI_1_evaluation,FOODS_1_203,FOODS_1,FOODS,WI_1,WI,d_1,0,1,2011-01-29,11101,Saturday,1,1,2011,,,,,0,0,0,2.0
FOODS_1_001_CA_1_evaluation,FOODS_1_001,FOODS_1,FOODS,CA_1,CA,d_2,0,2,2011-01-30,11101,Sunday,2,1,2011,,,,,0,0,0,2.0
FOODS_1_002_CA_1_evaluation,FOODS_1_002,FOODS_1,FOODS,CA_1,CA,d_2,1,2,2011-01-30,11101,Sunday,2,1,2011,,,,,0,0,0,7.88
FOODS_1_003_CA_1_evaluation,FOODS_1_003,FOODS_1,FOODS,CA_1,CA,d_2,0,2,2011-01-30,11101,Sunday,2,1,2011,,,,,0,0,0,2.88
FOODS_1_004_CA_1_evaluation,FOODS_1_004,FOODS_1,FOODS,CA_1,CA,d_2,0,2,2011-01-30,11101,Sunday,2,1,2011,,,,,0,0,0,1.78
FOODS_1_005_CA_1_evaluation,FOODS_1_005,FOODS_1,FOODS,CA_1,CA,d_2,9,2,2011-01-30,11101,Sunday,2,1,2011,,,,,0,0,0,2.94
FOODS_1_006_CA_1_evaluation,FOODS_1_006,FOODS_1,FOODS,CA_1,CA,d_2,0,2,2011-01-30,11101,Sunday,2,1,2011,,,,,0,0,0,1.97
FOODS_1_008_CA_1_evaluation,FOODS_1_008,FOODS_1,FOODS,CA_1,CA,d_2,0,2,2011-01-30,11101,Sunday,2,1,2011,,,,,0,0,0,3.28
FOODS_1_009_CA_1_evaluation,FOODS_1_009,FOODS_1,FOODS,CA_1,CA,d_2,0,2,2011-01-30,11101,Sunday,2,1,2011,,,,,0,0,0,2.68
FOODS_1_010_CA_1_evaluation,FOODS_1_010,FOODS_1,FOODS,CA_1,CA,d_2,0,2,2011-01-30,11101,Sunday,2,1,2011,,,,,0,0,0,5.09
FOODS_1_011_CA_1_evaluation,FOODS_1_011,FOODS_1,FOODS,CA_1,CA,d_2,1,2,2011-01-30,11101,Sunday,2,1,2011,,,,,0,0,0,2.28
FOODS_1_012_CA_1_evaluation,FOODS_1_012,FOODS_1,FOODS,CA_1,CA,d_2,0,2,2011-01-30,11101,Sunday,2,1,2011,,,,,0,0,0,6.08
FOODS_1_013_CA_1_evaluation,FOODS_1_013,FOODS_1,FOODS,CA_1,CA,d_2,1,2,2011-01-30,11101,Sunday,2,1,2011,,,,,0,0,0,1.25
FOODS_1_014_CA_1_evaluation,FOODS_1_014,FOODS_1,FOODS,CA_1,CA,d_2,0,2,2011-01-30,11101,Sunday,2,1,2011,,,,,0,0,0,0.98
FOODS_1_015_CA_1_evaluation,FOODS_1_015,FOODS_1,FOODS,CA_1,CA,d_2,0,2,2011-01-30,11101,Sunday,2,1,2011,,,,,0,0,0,2.78
FOODS_1_016_CA_1_evaluation,FOODS_1_016,FOODS_1,FOODS,CA_1,CA,d_2,1,2,2011-01-30,11101,Sunday,2,1,2011,,,,,0,0,0,1.96
FOODS_1_017_CA_1_evaluation,FOODS_1_017,FOODS_1,FOODS,CA_1,CA,d_2,0,2,2011-01-30,11101,Sunday,2,1,2011,,,,,0,0,0,2.68
FOODS_1_018_CA_1_evaluation,FOODS_1_018,FOODS_1,FOODS,CA_1,CA,d_2,3,2,2011-01-30,11101,Sunday,2,1,2011,,,,,0,0,0,1.0
FOODS_1_019_CA_1_evaluation,FOODS_1_019,FOODS_1,FOODS,CA_1,CA,d_2,9,2,2011-01-30,11101,Sunday,2,1,2011,,,,,0,0,0,0.97
FOODS_1_020_CA_1_evaluation,FOODS_1_020,FOODS_1,FOODS,CA_1,CA,d_2,3,2,2011-01-30,11101,Sunday,2,1,2011,,,,,0,0,0,2.5
FOODS_1_021_CA_1_evaluation,FOODS_1_021,FOODS_1,FOODS,CA_1,CA,d_2,0,2,2011-01-30,11101,Sunday,2,1,2011,,,,,0,0,0,0.98
FOODS_1_022_CA_1_evaluation,FOODS_1_022,FOODS_1,FOODS,CA_1,CA,d_2,0,2,2011-01-30,11101,Sunday,2,1,2011,,,,,0,0,0,4.4
FOODS_1_023_CA_1_evaluation,FOODS_1_023,FOODS_1,FOODS,CA_1,CA,d_2,0,2,2011-01-30,11101,Sunday,2,1,2011,,,,,0,0,0,6.08
FOODS_1_024_CA_1_evaluation,FOODS_1_024,FOODS_1,FOODS,CA_1,CA,d_2,1,2,2011-01-30,11101,Sunday,2,1,2011,,,,,0,0,0,3.97
FOODS_1_025_CA_1_evaluation,FOODS_1_025,FOODS_1,FOODS,CA_1,CA,d_2,0,2,2011-01-30,11101,Sunday,2,1,2011,,,,,0,0,0,3.94
FOODS_1_026_CA_1_evaluation,FOODS_1_026,FOODS_1,FOODS,CA_1,CA,d_2,0,2,2011-01-30,11101,Sunday,2,1,2011,,,,,0,0,0,6.38
FOODS_1_027_CA_1_evaluation,FOODS_1_027,FOODS_1,FOODS,CA_1,CA,d_2,0,2,2011-01-30,11101,Sunday,2,1,2011,,,,,0,0,0,1.78
FOODS_1_028_CA_1_evaluation,FOODS_1_028,FOODS_1,FOODS,CA_1,CA,d_2,0,2,2011-01-30,11101,Sunday,2,1,2011,,,,,0,0,0,2.98
FOODS_1_029_CA_1_evaluation,FOODS_1_029,FOODS_1,FOODS,CA_1,CA,d_2,0,2,2011-01-30,11101,Sunday,2,1,2011,,,,,0,0,0,3.18
FOODS_1_030_CA_1_evaluation,FOODS_1_030,FOODS_1,FOODS,CA_1,CA,d_2,0,2,2011-01-30,11101,Sunday,2,1,2011,,,,,0,0,0,2.78
FOODS_1_031_CA_1_evaluation,FOODS_1_031,FOODS_1,FOODS,CA_1,CA,d_2,0,2,2011-01-30,11101,Sunday,2,1,2011,,,,,0,0,0,3.28
FOODS_1_032_CA_1_evaluation,FOODS_1_032,FOODS_1,FOODS,CA_1,CA,d_2,38,2,2011-01-30,11101,Sunday,2,1,2011,,,,,0,0,0,1.0
FOODS_1_033_CA_1_evaluation,FOODS_1_033,FOODS_1,FOODS,CA_1,CA,d_2,0,2,2011-01-30,11101,Sunday,2,1,2011,,,,,0,0,0,5.09
FOODS_1_034_CA_1_evaluation,FOODS_1_034,FOODS_1,FOODS,CA_1,CA,d_2,0,2,2011-01-30,11101,Sunday,2,1,2011,,,,,0,0,0,5.61
FOODS_1_035_CA_1_evaluation,FOODS_1_035,FOODS_1,FOODS,CA_1,CA,d_2,5,2,2011-01-30,11101,Sunday,2,1,2011,,,,,0,0,0,2.28
FOODS_1_036_CA_1_evaluation,FOODS_1_036,FOODS_1,FOODS,CA_1,CA,d_2,2,2,2011-01-30,11101,Sunday,2,1,2011,,,,,0,0,0,1.5
FOODS_1_037_CA_1_evaluation,FOODS_1_037,FOODS_1,FOODS,CA_1,CA,d_2,0,2,2011-01-30,11101,Sunday,2,1,2011,,,,,0,0,0,2.97
FOODS_1_038_CA_1_evaluation,FOODS_1_038,FOODS_1,FOODS,CA_1,CA,d_2,0,2,2011-01-30,11101,Sunday,2,1,2011,,,,,0,0,0,7.97
FOODS_1_039_CA_1_evaluation,FOODS_1_039,FOODS_1,FOODS,CA_1,CA,d_2,0,2,2011-01-30,11101,Sunday,2,1,2011,,,,,0,0,0,2.48
FOODS_1_040_CA_1_evaluation,FOODS_1_040,FOODS_1,FOODS,CA_1,CA,d_2,3,2,2011-01-30,11101,Sunday,2,1,2011,,,,,0,0,0,1.76
FOODS_1_041_CA_1_evaluation,FOODS_1_041,FOODS_1,FOODS,CA_1,CA,d_2,0,2,2011-01-30,11101,Sunday,2,1,2011,,,,,0,0,0,2.18
FOODS_1_042_CA_1_evaluation,FOODS_1_042,FOODS_1,FOODS,CA_1,CA,d_2,0,2,2011-01-30,11101,Sunday,2,1,2011,,,,,0,0,0,0.98
FOODS_1_043_CA_1_evaluation,FOODS_1_043,FOODS_1,FOODS,CA_1,CA,d_2,0,2,2011-01-30,11101,Sunday,2,1,2011,,,,,0,0,0,1.78
FOODS_1_044_CA_1_evaluation,FOODS_1_044,FOODS_1,FOODS,CA_1,CA,d_2,2,2,2011-01-30,11101,Sunday,2,1,2011,,,,,0,0,0,2.5
FOODS_1_045_CA_1_evaluation,FOODS_1_045,FOODS_1,FOODS,CA_1,CA,d_2,7,2,2011-01-30,11101,Sunday,2,1,2011,,,,,0,0,0,1.76
FOODS_1_046_CA_1_evaluation,FOODS_1_046,FOODS_1,FOODS,CA_1,CA,d_2,0,2,2011-01-30,11101,Sunday,2,1,2011,,,,,0,0,0,1.0
FOODS_1_047_CA_1_evaluation,FOODS_1_047,FOODS_1,FOODS,CA_1,CA,d_2,0,2,2011-01-30,11101,Sunday,2,1,2011,,,,,0,0,0,2.94
FOODS_1_048_CA_1_evaluation,FOODS_1_048,FOODS_1,FOODS,CA_1,CA,d_2,0,2,2011-01-30,11101,Sunday,2,1,2011,,,,,0,0,0,5.98
FOODS_1_049_CA_1_evaluation,FOODS_1_049,FOODS_1,FOODS,CA_1,CA,d_2,4,2,2011-01-30,11101,Sunday,2,1,2011,,,,,0,0,0,2.18
FOODS_1_050_CA_1_evaluation,FOODS_1_050,FOODS_1,FOODS,CA_1,CA,d_2,0,2,2011-01-30,11101,Sunday,2,1,2011,,,,,0,0,0,5.98
FOODS_1_051_CA_1_evaluation,FOODS_1_051,FOODS_1,FOODS,CA_1,CA,d_2,0,2,2011-01-30,11101,Sunday,2,1,2011,,,,,0,0,0,3.87
FOODS_1_052_CA_1_evaluation,FOODS_1_052,FOODS_1,FOODS,CA_1,CA,d_2,0,2,2011-01-30,11101,Sunday,2,1,2011,,,,,0,0,0,0.98
FOODS_1_053_CA_1_evaluation,FOODS_1_053,FOODS_1,FOODS,CA_1,CA,d_2,1,2,2011-01-30,11101,Sunday,2,1,2011,,,,,0,0,0,5.61
FOODS_1_054_CA_1_evaluation,FOODS_1_054,FOODS_1,FOODS,CA_1,CA,d_2,1,2,2011-01-30,11101,Sunday,2,1,2011,,,,,0,0,0,1.68
FOODS_1_055_CA_1_evaluation,FOODS_1_055,FOODS_1,FOODS,CA_1,CA,d_2,5,2,2011-01-30,11101,Sunday,2,1,2011,,,,,0,0,0,3.12
FOODS_1_056_CA_1_evaluation,FOODS_1_056,FOODS_1,FOODS,CA_1,CA,d_2,0,2,2011-01-30,11101,Sunday,2,1,2011,,,,,0,0,0,2.24
FOODS_1_057_CA_1_evaluation,FOODS_1_057,FOODS_1,FOODS,CA_1,CA,d_2,0,2,2011-01-30,11101,Sunday,2,1,2011,,,,,0,0,0,2.68
FOODS_1_058_CA_1_evaluation,FOODS_1_058,FOODS_1,FOODS,CA_1,CA,d_2,0,2,2011-01-30,11101,Sunday,2,1,2011,,,,,0,0,0,1.78
FOODS_1_059_CA_1_evaluation,FOODS_1_059,FOODS_1,FOODS,CA_1,CA,d_2,0,2,2011-01-30,11101,Sunday,2,1,2011,,,,,0,0,0,4.55
FOODS_1_060_CA_1_evaluation,FOODS_1_060,FOODS_1,FOODS,CA_1,CA,d_2,0,2,2011-01-30,11101,Sunday,2,1,2011,,,,,0,0,0,1.68
FOODS_1_061_CA_1_evaluation,FOODS_1_061,FOODS_1,FOODS,CA_1,CA,d_2,0,2,2011-01-30,11101,Sunday,2,1,2011,,,,,0,0,0,2.0
FOODS_1_062_CA_1_evaluation,FOODS_1_062,FOODS_1,FOODS,CA_1,CA,d_2,0,2,2011-01-30,11101,Sunday,2,1,2011,,,,,0,0,0,3.18
FOODS_1_063_CA_1_evaluation,FOODS_1_063,FOODS_1,FOODS,CA_1,CA,d_2,1,2,2011-01-30,11101,Sunday,2,1,2011,,,,,0,0,0,1.97
FOODS_1_064_CA_1_evaluation,FOODS_1_064,FOODS_1,FOODS,CA_1,CA,d_2,2,2,2011-01-30,11101,Sunday,2,1,2011,,,,,0,0,0,2.54
FOODS_1_065_CA_1_evaluation,FOODS_1_065,FOODS_1,FOODS,CA_1,CA,d_2,0,2,2011-01-30,11101,Sunday,2,1,2011,,,,,0,0,0,2.94
FOODS_1_066_CA_1_evaluation,FOODS_1_066,FOODS_1,FOODS,CA_1,CA,d_2,0,2,2011-01-30,11101,Sunday,2,1,2011,,,,,0,0,0,1.33
FOODS_1_067_CA_1_evaluation,FOODS_1_067,FOODS_1,FOODS,CA_1,CA,d_2,5,2,2011-01-30,11101,Sunday,2,1,2011,,,,,0,0,0,1.97
FOODS_1_068_CA_1_evaluation,FOODS_1_068,FOODS_1,FOODS,CA_1,CA,d_2,0,2,2011-01-30,11101,Sunday,2,1,2011,,,,,0,0,0,3.58
FOODS_1_069_CA_1_evaluation,FOODS_1_069,FOODS_1,FOODS,CA_1,CA,d_2,2,2,2011-01-30,11101,Sunday,2,1,2011,,,,,0,0,0,2.18
FOODS_1_070_CA_1_evaluation,FOODS_1_070,FOODS_1,FOODS,CA_1,CA,d_2,0,2,2011-01-30,11101,Sunday,2,1,2011,,,,,0,0,0,0.98
FOODS_1_071_CA_1_evaluation,FOODS_1_071,FOODS_1,FOODS,CA_1,CA,d_2,0,2,2011-01-30,11101,Sunday,2,1,2011,,,,,0,0,0,1.97
FOODS_1_072_CA_1_evaluation,FOODS_1_072,FOODS_1,FOODS,CA_1,CA,d_2,0,2,2011-01-30,11101,Sunday,2,1,2011,,,,,0,0,0,3.97
FOODS_1_073_CA_1_evaluation,FOODS_1_073,FOODS_1,FOODS,CA_1,CA,d_2,3,2,2011-01-30,11101,Sunday,2,1,2011,,,,,0,0,0,1.76
FOODS_1_074_CA_1_evaluation,FOODS_1_074,FOODS_1,FOODS,CA_1,CA,d_2,11,2,2011-01-30,11101,Sunday,2,1,2011,,,,,0,0,0,2.18
FOODS_1_075_CA_1_evaluation,FOODS_1_075,FOODS_1,FOODS,CA_1,CA,d_2,2,2,2011-01-30,11101,Sunday,2,1,2011,,,,,0,0,0,2.94
FOODS_1_076_CA_1_evaluation,FOODS_1_076,FOODS_1,FOODS,CA_1,CA,d_2,0,2,2011-01-30,11101,Sunday,2,1,2011,,,,,0,0,0,5.61
FOODS_1_077_CA_1_evaluation,FOODS_1_077,FOODS_1,FOODS,CA_1,CA,d_2,0,2,2011-01-30,11101,Sunday,2,1,2011,,,,,0,0,0,2.97
FOODS_1_078_CA_1_evaluation,FOODS_1_078,FOODS_1,FOODS,CA_1,CA,d_2,0,2,2011-01-30,11101,Sunday,2,1,2011,,,,,0,0,0,3.24
FOODS_1_079_CA_1_evaluation,FOODS_1_079,FOODS_1,FOODS,CA_1,CA,d_2,0,2,2011-01-30,11101,Sunday,2,1,2011,,,,,0,0,0,5.43
FOODS_1_080_CA_1_evaluation,FOODS_1_080,FOODS_1,FOODS,CA_1,CA,d_2,1,2,2011-01-30,11101,Sunday,2,1,2011,,,,,0,0,0,6.97
FOODS_1_081_CA_1_evaluation,FOODS_1_081,FOODS_1,FOODS,CA_1,CA,d_2,0,2,2011-01-30,11101,Sunday,2,1,2011,,,,,0,0,0,6.08
FOODS_1_082_CA_1_evaluation,FOODS_1_082,FOODS_1,FOODS,CA_1,CA,d_2,0,2,2011-01-30,11101,Sunday,2,1,2011,,,,,0,0,0,0.98
FOODS_1_083_CA_1_evaluation,FOODS_1_083,FOODS_1,FOODS,CA_1,CA,d_2,1,2,2011-01-30,11101,Sunday,2,1,2011,,,,,0,0,0,1.97
FOODS_1_084_CA_1_evaluation,FOODS_1_084,FOODS_1,FOODS,CA_1,CA,d_2,0,2,2011-01-30,11101,Sunday,2,1,2011,,,,,0,0,0,5.33
FOODS_1_085_CA_1_evaluation,FOODS_1_085,FOODS_1,FOODS,CA_1,CA,d_2,15,2,2011-01-30,11101,Sunday,2,1,2011,,,,,0,0,0,1.0
FOODS_1_086_CA_1_evaluation,FOODS_1_086,FOODS_1,FOODS,CA_1,CA,d_2,3,2,2011-01-30,11101,Sunday,2,1,2011,,,,,0,0,0,1.48
FOODS_1_087_CA_1_evaluation,FOODS_1_087,FOODS_1,FOODS,CA_1,CA,d_2,0,2,2011-01-30,11101,Sunday,2,1,2011,,,,,0,0,0,6.08
FOODS_1_088_CA_1_evaluation,FOODS_1_088,FOODS_1,FOODS,CA_1,CA,d_2,5,2,2011-01-30,11101,Sunday,2,1,2011,,,,,0,0,0,3.97
FOODS_1_089_CA_1_evaluation,FOODS_1_089,FOODS_1,FOODS,CA_1,CA,d_2,0,2,2011-01-30,11101,Sunday,2,1,2011,,,,,0,0,0,3.24
FOODS_1_090_CA_1_evaluation,FOODS_1_090,FOODS_1,FOODS,CA_1,CA,d_2,0,2,2011-01-30,11101,Sunday,2,1,2011,,,,,0,0,0,2.94
FOODS_1_091_CA_1_evaluation,FOODS_1_091,FOODS_1,FOODS,CA_1,CA,d_2,0,2,2011-01-30,11101,Sunday,2,1,2011,,,,,0,0,0,2.38
FOODS_1_092_CA_1_evaluation,FOODS_1_092,FOODS_1,FOODS,CA_1,CA,d_2,0,2,2011-01-30,11101,Sunday,2,1,2011,,,,,0,0,0,1.78
FOODS_1_093_CA_1_evaluation,FOODS_1_093,FOODS_1,FOODS,CA_1,CA,d_2,0,2,2011-01-30,11101,Sunday,2,1,2011,,,,,0,0,0,6.08
FOODS_1_094_CA_1_evaluation,FOODS_1_094,FOODS_1,FOODS,CA_1,CA,d_2,1,2,2011-01-30,11101,Sunday,2,1,2011,,,,,0,0,0,2.94
FOODS_1_095_CA_1_evaluation,FOODS_1_095,FOODS_1,FOODS,CA_1,CA,d_2,1,2,2011-01-30,11101,Sunday,2,1,2011,,,,,0,0,0,2.66
FOODS_1_096_CA_1_evaluation,FOODS_1_096,FOODS_1,FOODS,CA_1,CA,d_2,0,2,2011-01-30,11101,Sunday,2,1,2011,,,,,0,0,0,6.22
FOODS_1_097_CA_1_evaluation,FOODS_1_097,FOODS_1,FOODS,CA_1,CA,d_2,0,2,2011-01-30,11101,Sunday,2,1,2011,,,,,0,0,0,0.98
FOODS_1_098_CA_1_evaluation,FOODS_1_098,FOODS_1,FOODS,CA_1,CA,d_2,0,2,2011-01-30,11101,Sunday,2,1,2011,,,,,0,0,0,5.64
FOODS_1_099_CA_1_evaluation,FOODS_1_099,FOODS_1,FOODS,CA_1,CA,d_2,0,2,2011-01-30,11101,Sunday,2,1,2011,,,,,0,0,0,0.98
FOODS_1_101_CA_1_evaluation,FOODS_1_101,FOODS_1,FOODS,CA_1,CA,d_2,0,2,2011-01-30,11101,Sunday,2,1,2011,,,,,0,0,0,1.97
FOODS_1_102_CA_1_evaluation,FOODS_1_102,FOODS_1,FOODS,CA_1,CA,d_2,0,2,2011-01-30,11101,Sunday,2,1,2011,,,,,0,0,0,1.5
FOODS_1_103_CA_1_evaluation,FOODS_1_103,FOODS_1,FOODS,CA_1,CA,d_2,1,2,2011-01-30,11101,Sunday,2,1,2011,,,,,0,0,0,3.18
FOODS_1_104_CA_1_evaluation,FOODS_1_104,FOODS_1,FOODS,CA_1,CA,d_2,3,2,2011-01-30,11101,Sunday,2,1,2011,,,,,0,0,0,2.94
FOODS_1_105_CA_1_evaluation,FOODS_1_105,FOODS_1,FOODS,CA_1,CA,d_2,0,2,2011-01-30,11101,Sunday,2,1,2011,,,,,0,0,0,1.88
FOODS_1_106_CA_1_evaluation,FOODS_1_106,FOODS_1,FOODS,CA_1,CA,d_2,2,2,2011-01-30,11101,Sunday,2,1,2011,,,,,0,0,0,2.94
FOODS_1_107_CA_1_evaluation,FOODS_1_107,FOODS_1,FOODS,CA_1,CA,d_2,0,2,2011-01-30,11101,Sunday,2,1,2011,,,,,0,0,0,5.36
FOODS_1_108_CA_1_evaluation,FOODS_1_108,FOODS_1,FOODS,CA_1,CA,d_2,0,2,2011-01-30,11101,Sunday,2,1,2011,,,,,0,0,0,2.5
FOODS_1_109_CA_1_evaluation,FOODS_1_109,FOODS_1,FOODS,CA_1,CA,d_2,0,2,2011-01-30,11101,Sunday,2,1,2011,,,,,0,0,0,2.0
FOODS_1_110_CA_1_evaluation,FOODS_1_110,FOODS_1,FOODS,CA_1,CA,d_2,0,2,2011-01-30,11101,Sunday,2,1,2011,,,,,0,0,0,1.78
FOODS_1_111_CA_1_evaluation,FOODS_1_111,FOODS_1,FOODS,CA_1,CA,d_2,0,2,2011-01-30,11101,Sunday,2,1,2011,,,,,0,0,0,5.98
FOODS_1_112_CA_1_evaluation,FOODS_1_112,FOODS_1,FOODS,CA_1,CA,d_2,0,2,2011-01-30,11101,Sunday,2,1,2011,,,,,0,0,0,1.98
FOODS_1_113_CA_1_evaluation,FOODS_1_113,FOODS_1,FOODS,CA_1,CA,d_2,0,2,2011-01-30,11101,Sunday,2,1,2011,,,,,0,0,0,0.98
FOODS_1_114_CA_1_evaluation,FOODS_1_114,FOODS_1,FOODS,CA_1,CA,d_2,2,2,2011-01-30,11101,Sunday,2,1,2011,,,,,0,0,0,2.94
FOODS_1_115_CA_1_evaluation,FOODS_1_115,FOODS_1,FOODS,CA_1,CA,d_2,0,2,2011-01-30,11101,Sunday,2,1,2011,,,,,0,0,0,3.58
FOODS_1_116_CA_1_evaluation,FOODS_1_116,FOODS_1,FOODS,CA_1,CA,d_2,0,2,2011-01-30,11101,Sunday,2,1,2011,,,,,0,0,0,2.18
FOODS_1_117_CA_1_evaluation,FOODS_1_117,FOODS_1,FOODS,CA_1,CA,d_2,0,2,2011-01-30,11101,Sunday,2,1,2011,,,,,0,0,0,2.0
FOODS_1_118_CA_1_evaluation,FOODS_1_118,FOODS_1,FOODS,CA_1,CA,d_2,0,2,2011-01-30,11101,Sunday,2,1,2011,,,,,0,0,0,0.98
FOODS_1_119_CA_1_evaluation,FOODS_1_119,FOODS_1,FOODS,CA_1,CA,d_2,2,2,2011-01-30,11101,Sunday,2,1,2011,,,,,0,0,0,2.94
FOODS_1_120_CA_1_evaluation,FOODS_1_120,FOODS_1,FOODS,CA_1,CA,d_2,0,2,2011-01-30,11101,Sunday,2,1,2011,,,,,0,0,0,1.78
FOODS_1_121_CA_1_evaluation,FOODS_1_121,FOODS_1,FOODS,CA_1,CA,d_2,0,2,2011-01-30,11101,Sunday,2,1,2011,,,,,0,0,0,1.0
FOODS_1_122_CA_1_evaluation,FOODS_1_122,FOODS_1,FOODS,CA_1,CA,d_2,0,2,2011-01-30,11101,Sunday,2,1,2011,,,,,0,0,0,1.98
FOODS_1_123_CA_1_evaluation,FOODS_1_123,FOODS_1,FOODS,CA_1,CA,d_2,2,2,2011-01-30,11101,Sunday,2,1,2011,,,,,0,0,0,2.94
FOODS_1_124_CA_1_evaluation,FOODS_1_124,FOODS_1,FOODS,CA_1,CA,d_2,0,2,2011-01-30,11101,Sunday,2,1,2011,,,,,0,0,0,2.0
FOODS_1_125_CA_1_evaluation,FOODS_1_125,FOODS_1,FOODS,CA_1,CA,d_2,0,2,2011-01-30,11101,Sunday,2,1,2011,,,,,0,0,0,4.98
FOODS_1_126_CA_1_evaluation,FOODS_1_126,FOODS_1,FOODS,CA_1,CA,d_2,0,2,2011-01-30,11101,Sunday,2,1,2011,,,,,0,0,0,2.68
FOODS_1_127_CA_1_evaluation,FOODS_1_127,FOODS_1,FOODS,CA_1,CA,d_2,2,2,2011-01-30,11101,Sunday,2,1,2011,,,,,0,0,0,1.76
FOODS_1_128_CA_1_evaluation,FOODS_1_128,FOODS_1,FOODS,CA_1,CA,d_2,0,2,2011-01-30,11101,Sunday,2,1,2011,,,,,0,0,0,3.18
FOODS_1_129_CA_1_evaluation,FOODS_1_129,FOODS_1,FOODS,CA_1,CA,d_2,0,2,2011-01-30,11101,Sunday,2,1,2011,,,,,0,0,0,6.22
FOODS_1_130_CA_1_evaluation,FOODS_1_130,FOODS_1,FOODS,CA_1,CA,d_2,0,2,2011-01-30,11101,Sunday,2,1,2011,,,,,0,0,0,1.5
FOODS_1_131_CA_1_evaluation,FOODS_1_131,FOODS_1,FOODS,CA_1,CA,d_2,0,2,2011-01-30,11101,Sunday,2,1,2011,,,,,0,0,0,2.78
FOODS_1_132_CA_1_evaluation,FOODS_1_132,FOODS_1,FOODS,CA_1,CA,d_2,0,2,2011-01-30,11101,Sunday,2,1,2011,,,,,0,0,0,1.78
FOODS_1_133_CA_1_evaluation,FOODS_1_133,FOODS_1,FOODS,CA_1,CA,d_2,4,2,2011-01-30,11101,Sunday,2,1,2011,,,,,0,0,0,2.78
FOODS_1_134_CA_1_evaluation,FOODS_1_134,FOODS_1,FOODS,CA_1,CA,d_2,0,2,2011-01-30,11101,Sunday,2,1,2011,,,,,0,0,0,1.98
FOODS_1_135_CA_1_evaluation,FOODS_1_135,FOODS_1,FOODS,CA_1,CA,d_2,1,2,2011-01-30,11101,Sunday,2,1,2011,,,,,0,0,0,2.18
FOODS_1_136_CA_1_evaluation,FOODS_1_136,FOODS_1,FOODS,CA_1,CA,d_2,3,2,2011-01-30,11101,Sunday,2,1,2011,,,,,0,0,0,3.97
FOODS_1_137_CA_1_evaluation,FOODS_1_137,FOODS_1,FOODS,CA_1,CA,d_2,19,2,2011-01-30,11101,Sunday,2,1,2011,,,,,0,0,0,1.97
FOODS_1_138_CA_1_evaluation,FOODS_1_138,FOODS_1,FOODS,CA_1,CA,d_2,1,2,2011-01-30,11101,Sunday,2,1,2011,,,,,0,0,0,2.18
FOODS_1_139_CA_1_evaluation,FOODS_1_139,FOODS_1,FOODS,CA_1,CA,d_2,0,2,2011-01-30,11101,Sunday,2,1,2011,,,,,0,0,0,0.98
FOODS_1_140_CA_1_evaluation,FOODS_1_140,FOODS_1,FOODS,CA_1,CA,d_2,0,2,2011-01-30,11101,Sunday,2,1,2011,,,,,0,0,0,6.38
FOODS_1_141_CA_1_evaluation,FOODS_1_141,FOODS_1,FOODS,CA_1,CA,d_2,1,2,2011-01-30,11101,Sunday,2,1,2011,,,,,0,0,0,2.94
FOODS_1_142_CA_1_evaluation,FOODS_1_142,FOODS_1,FOODS,CA_1,CA,d_2,0,2,2011-01-30,11101,Sunday,2,1,2011,,,,,0,0,0,1.25
FOODS_1_143_CA_1_evaluation,FOODS_1_143,FOODS_1,FOODS,CA_1,CA,d_2,2,2,2011-01-30,11101,Sunday,2,1,2011,,,,,0,0,0,1.97
FOODS_1_144_CA_1_evaluation,FOODS_1_144,FOODS_1,FOODS,CA_1,CA,d_2,0,2,2011-01-30,11101,Sunday,2,1,2011,,,,,0,0,0,6.68
FOODS_1_145_CA_1_evaluation,FOODS_1_145,FOODS_1,FOODS,CA_1,CA,d_2,0,2,2011-01-30,11101,Sunday,2,1,2011,,,,,0,0,0,0.98
FOODS_1_146_CA_1_evaluation,FOODS_1_146,FOODS_1,FOODS,CA_1,CA,d_2,0,2,2011-01-30,11101,Sunday,2,1,2011,,,,,0,0,0,2.18
FOODS_1_147_CA_1_evaluation,FOODS_1_147,FOODS_1,FOODS,CA_1,CA,d_2,0,2,2011-01-30,11101,Sunday,2,1,2011,,,,,0,0,0,5.09
FOODS_1_148_CA_1_evaluation,FOODS_1_148,FOODS_1,FOODS,CA_1,CA,d_2,0,2,2011-01-30,11101,Sunday,2,1,2011,,,,,0,0,0,5.09
FOODS_1_149_CA_1_evaluation,FOODS_1_149,FOODS_1,FOODS,CA_1,CA,d_2,0,2,2011-01-30,11101,Sunday,2,1,2011,,,,,0,0,0,0.98
FOODS_1_150_CA_1_evaluation,FOODS_1_150,FOODS_1,FOODS,CA_1,CA,d_2,4,2,2011-01-30,11101,Sunday,2,1,2011,,,,,0,0,0,3.97
FOODS_1_151_CA_1_evaluation,FOODS_1_151,FOODS_1,FOODS,CA_1,CA,d_2,0,2,2011-01-30,11101,Sunday,2,1,2011,,,,,0,0,0,10.98
FOODS_1_152_CA_1_evaluation,FOODS_1_152,FOODS_1,FOODS,CA_1,CA,d_2,1,2,2011-01-30,11101,Sunday,2,1,2011,,,,,0,0,0,6.98
FOODS_1_153_CA_1_evaluation,FOODS_1_153,FOODS_1,FOODS,CA_1,CA,d_2,2,2,2011-01-30,11101,Sunday,2,1,2011,,,,,0,0,0,1.68
FOODS_1_154_CA_1_evaluation,FOODS_1_154,FOODS_1,FOODS,CA_1,CA,d_2,1,2,2011-01-30,11101,Sunday,2,1,2011,,,,,0,0,0,1.25
FOODS_1_155_CA_1_evaluation,FOODS_1_155,FOODS_1,FOODS,CA_1,CA,d_2,0,2,2011-01-30,11101,Sunday,2,1,2011,,,,,0,0,0,0.98
FOODS_1_156_CA_1_evaluation,FOODS_1_156,FOODS_1,FOODS,CA_1,CA,d_2,0,2,2011-01-30,11101,Sunday,2,1,2011,,,,,0,0,0,2.68
FOODS_1_157_CA_1_evaluation,FOODS_1_157,FOODS_1,FOODS,CA_1,CA,d_2,0,2,2011-01-30,11101,Sunday,2,1,2011,,,,,0,0,0,4.55
FOODS_1_158_CA_1_evaluation,FOODS_1_158,FOODS_1,FOODS,CA_1,CA,d_2,0,2,2011-01-30,11101,Sunday,2,1,2011,,,,,0,0,0,4.98
FOODS_1_159_CA_1_evaluation,FOODS_1_159,FOODS_1,FOODS,CA_1,CA,d_2,0,2,2011-01-30,11101,Sunday,2,1,2011,,,,,0,0,0,4.55
FOODS_1_160_CA_1_evaluation,FOODS_1_160,FOODS_1,FOODS,CA_1,CA,d_2,0,2,2011-01-30,11101,Sunday,2,1,2011,,,,,0,0,0,2.24
FOODS_1_161_CA_1_evaluation,FOODS_1_161,FOODS_1,FOODS,CA_1,CA,d_2,0,2,2011-01-30,11101,Sunday,2,1,2011,,,,,0,0,0,1.0
FOODS_1_162_CA_1_evaluation,FOODS_1_162,FOODS_1,FOODS,CA_1,CA,d_2,0,2,2011-01-30,11101,Sunday,2,1,2011,,,,,0,0,0,1.78
FOODS_1_163_CA_1_evaluation,FOODS_1_163,FOODS_1,FOODS,CA_1,CA,d_2,0,2,2011-01-30,11101,Sunday,2,1,2011,,,,,0,0,0,0.98
FOODS_1_164_CA_1_evaluation,FOODS_1_164,FOODS_1,FOODS,CA_1,CA,d_2,0,2,2011-01-30,11101,Sunday,2,1,2011,,,,,0,0,0,5.09
FOODS_1_166_CA_1_evaluation,FOODS_1_166,FOODS_1,FOODS,CA_1,CA,d_2,4,2,2011-01-30,11101,Sunday,2,1,2011,,,,,0,0,0,2.0
FOODS_1_167_CA_1_evaluation,FOODS_1_167,FOODS_1,FOODS,CA_1,CA,d_2,7,2,2011-01-30,11101,Sunday,2,1,2011,,,,,0,0,0,3.97
FOODS_1_168_CA_1_evaluation,FOODS_1_168,FOODS_1,FOODS,CA_1,CA,d_2,3,2,2011-01-30,11101,Sunday,2,1,2011,,,,,0,0,0,2.0
FOODS_1_169_CA_1_evaluation,FOODS_1_169,FOODS_1,FOODS,CA_1,CA,d_2,0,2,2011-01-30,11101,Sunday,2,1,2011,,,,,0,0,0,3.24
FOODS_1_170_CA_1_evaluation,FOODS_1_170,FOODS_1,FOODS,CA_1,CA,d_2,0,2,2011-01-30,11101,Sunday,2,1,2011,,,,,0,0,0,6.08
FOODS_1_171_CA_1_evaluation,FOODS_1_171,FOODS_1,FOODS,CA_1,CA,d_2,0,2,2011-01-30,11101,Sunday,2,1,2011,,,,,0,0,0,5.0
FOODS_1_172_CA_1_evaluation,FOODS_1_172,FOODS_1,FOODS,CA_1,CA,d_2,2,2,2011-01-30,11101,Sunday,2,1,2011,,,,,0,0,0,1.68
FOODS_1_173_CA_1_evaluation,FOODS_1_173,FOODS_1,FOODS,CA_1,CA,d_2,8,2,2011-01-30,11101,Sunday,2,1,2011,,,,,0,0,0,1.97
FOODS_1_174_CA_1_evaluation,FOODS_1_174,FOODS_1,FOODS,CA_1,CA,d_2,1,2,2011-01-30,11101,Sunday,2,1,2011,,,,,0,0,0,3.97
FOODS_1_175_CA_1_evaluation,FOODS_1_175,FOODS_1,FOODS,CA_1,CA,d_2,0,2,2011-01-30,11101,Sunday,2,1,2011,,,,,0,0,0,2.88
FOODS_1_176_CA_1_evaluation,FOODS_1_176,FOODS_1,FOODS,CA_1,CA,d_2,0,2,2011-01-30,11101,Sunday,2,1,2011,,,,,0,0,0,2.97
FOODS_1_177_CA_1_evaluation,FOODS_1_177,FOODS_1,FOODS,CA_1,CA,d_2,2,2,2011-01-30,11101,Sunday,2,1,2011,,,,,0,0,0,7.97
FOODS_1_178_CA_1_evaluation,FOODS_1_178,FOODS_1,FOODS,CA_1,CA,d_2,0,2,2011-01-30,11101,Sunday,2,1,2011,,,,,0,0,0,8.97
FOODS_1_179_CA_1_evaluation,FOODS_1_179,FOODS_1,FOODS,CA_1,CA,d_2,0,2,2011-01-30,11101,Sunday,2,1,2011,,,,,0,0,0,3.58
FOODS_1_180_CA_1_evaluation,FOODS_1_180,FOODS_1,FOODS,CA_1,CA,d_2,1,2,2011-01-30,11101,Sunday,2,1,2011,,,,,0,0,0,8.88
FOODS_1_181_CA_1_evaluation,FOODS_1_181,FOODS_1,FOODS,CA_1,CA,d_2,0,2,2011-01-30,11101,Sunday,2,1,2011,,,,,0,0,0,1.28
FOODS_1_182_CA_1_evaluation,FOODS_1_182,FOODS_1,FOODS,CA_1,CA,d_2,0,2,2011-01-30,11101,Sunday,2,1,2011,,,,,0,0,0,1.97
FOODS_1_183_CA_1_evaluation,FOODS_1_183,FOODS_1,FOODS,CA_1,CA,d_2,5,2,2011-01-30,11101,Sunday,2,1,2011,,,,,0,0,0,2.88
FOODS_1_184_CA_1_evaluation,FOODS_1_184,FOODS_1,FOODS,CA_1,CA,d_2,0,2,2011-01-30,11101,Sunday,2,1,2011,,,,,0,0,0,1.0
FOODS_1_185_CA_1_evaluation,FOODS_1_185,FOODS_1,FOODS,CA_1,CA,d_2,2,2,2011-01-30,11101,Sunday,2,1,2011,,,,,0,0,0,2.0
FOODS_1_186_CA_1_evaluation,FOODS_1_186,FOODS_1,FOODS,CA_1,CA,d_2,0,2,2011-01-30,11101,Sunday,2,1,2011,,,,,0,0,0,5.98
FOODS_1_187_CA_1_evaluation,FOODS_1_187,FOODS_1,FOODS,CA_1,CA,d_2,0,2,2011-01-30,11101,Sunday,2,1,2011,,,,,0,0,0,7.97
FOODS_1_188_CA_1_evaluation,FOODS_1_188,FOODS_1,FOODS,CA_1,CA,d_2,0,2,2011-01-30,11101,Sunday,2,1,2011,,,,,0,0,0,2.98
FOODS_1_189_CA_1_evaluation,FOODS_1_189,FOODS_1,FOODS,CA_1,CA,d_2,0,2,2011-01-30,11101,Sunday,2,1,2011,,,,,0,0,0,2.79
FOODS_1_190_CA_1_evaluation,FOODS_1_190,FOODS_1,FOODS,CA_1,CA,d_2,0,2,2011-01-30,11101,Sunday,2,1,2011,,,,,0,0,0,0.98
FOODS_1_191_CA_1_evaluation,FOODS_1_191,FOODS_1,FOODS,CA_1,CA,d_2,0,2,2011-01-30,11101,Sunday,2,1,2011,,,,,0,0,0,6.08
FOODS_1_192_CA_1_evaluation,FOODS_1_192,FOODS_1,FOODS,CA_1,CA,d_2,3,2,2011-01-30,11101,Sunday,2,1,2011,,,,,0,0,0,2.38
FOODS_1_193_CA_1_evaluation,FOODS_1_193,FOODS_1,FOODS,CA_1,CA,d_2,0,2,2011-01-30,11101,Sunday,2,1,2011,,,,,0,0,0,4.55
FOODS_1_194_CA_1_evaluation,FOODS_1_194,FOODS_1,FOODS,CA_1,CA,d_2,8,2,2011-01-30,11101,Sunday,2,1,2011,,,,,0,0,0,3.97
FOODS_1_195_CA_1_evaluation,FOODS_1_195,FOODS_1,FOODS,CA_1,CA,d_2,2,2,2011-01-30,11101,Sunday,2,1,2011,,,,,0,0,0,2.18
FOODS_1_196_CA_1_evaluation,FOODS_1_196,FOODS_1,FOODS,CA_1,CA,d_2,5,2,2011-01-30,11101,Sunday,2,1,2011,,,,,0,0,0,1.97
FOODS_1_197_CA_1_evaluation,FOODS_1_197,FOODS_1,FOODS,CA_1,CA,d_2,0,2,2011-01-30,11101,Sunday,2,1,2011,,,,,0,0,0,3.97
FOODS_1_198_CA_1_evaluation,FOODS_1_198,FOODS_1,FOODS,CA_1,CA,d_2,0,2,2011-01-30,11101,Sunday,2,1,2011,,,,,0,0,0,2.28
FOODS_1_199_CA_1_evaluation,FOODS_1_199,FOODS_1,FOODS,CA_1,CA,d_2,0,2,2011-01-30,11101,Sunday,2,1,2011,,,,,0,0,0,6.08
FOODS_1_200_CA_1_evaluation,FOODS_1_200,FOODS_1,FOODS,CA_1,CA,d_2,0,2,2011-01-30,11101,Sunday,2,1,2011,,,,,0,0,0,0.98
FOODS_1_201_CA_1_evaluation,FOODS_1_201,FOODS_1,FOODS,CA_1,CA,d_2,4,2,2011-01-30,11101,Sunday,2,1,2011,,,,,0,0,0,2.0
FOODS_1_202_CA_1_evaluation,FOODS_1_202,FOODS_1,FOODS,CA_1,CA,d_2,0,2,2011-01-30,11101,Sunday,2,1,2011,,,,,0,0,0,0.98
FOODS_1_203_CA_1_evaluation,FOODS_1_203,FOODS_1,FOODS,CA_1,CA,d_2,0,2,2011-01-30,11101,Sunday,2,1,2011,,,,,0,0,0,2.0
FOODS_1_001_TX_1_evaluation,FOODS_1_001,FOODS_1,FOODS,TX_1,TX,d_2,1,2,2011-01-30,11101,Sunday,2,1,2011,,,,,0,0,0,2.0
FOODS_1_002_TX_1_evaluation,FOODS_1_002,FOODS_1,FOODS,TX_1,TX,d_2,0,2,2011-01-30,11101,Sunday,2,1,2011,,,,,0,0,0,7.88
FOODS_1_003_TX_1_evaluation,FOODS_1_003,FOODS_1,FOODS,TX_1,TX,d_2,0,2,2011-01-30,11101,Sunday,2,1,2011,,,,,0,0,0,2.88
FOODS_1_004_TX_1_evaluation,FOODS_1_004,FOODS_1,FOODS,TX_1,TX,d_2,0,2,2011-01-30,11101,Sunday,2,1,2011,,,,,0,0,0,1.78
FOODS_1_005_TX_1_evaluation,FOODS_1_005,FOODS_1,FOODS,TX_1,TX,d_2,3,2,2011-01-30,11101,Sunday,2,1,2011,,,,,0,0,0,2.94
FOODS_1_006_TX_1_evaluation,FOODS_1_006,FOODS_1,FOODS,TX_1,TX,d_2,1,2,2011-01-30,11101,Sunday,2,1,2011,,,,,0,0,0,1.97
FOODS_1_008_TX_1_evaluation,FOODS_1_008,FOODS_1,FOODS,TX_1,TX,d_2,0,2,2011-01-30,11101,Sunday,2,1,2011,,,,,0,0,0,3.28
FOODS_1_009_TX_1_evaluation,FOODS_1_009,FOODS_1,FOODS,TX_1,TX,d_2,0,2,2011-01-30,11101,Sunday,2,1,2011,,,,,0,0,0,2.68
FOODS_1_010_TX_1_evaluation,FOODS_1_010,FOODS_1,FOODS,TX_1,TX,d_2,0,2,2011-01-30,11101,Sunday,2,1,2011,,,,,0,0,0,6.71
FOODS_1_011_TX_1_evaluation,FOODS_1_011,FOODS_1,FOODS,TX_1,TX,d_2,0,2,2011-01-30,11101,Sunday,2,1,2011,,,,,0,0,0,2.28
FOODS_1_012_TX_1_evaluation,FOODS_1_012,FOODS_1,FOODS,TX_1,TX,d_2,0,2,2011-01-30,11101,Sunday,2,1,2011,,,,,0,0,0,6.71
FOODS_1_013_TX_1_evaluation,FOODS_1_013,FOODS_1,FOODS,TX_1,TX,d_2,0,2,2011-01-30,11101,Sunday,2,1,2011,,,,,0,0,0,1.25
FOODS_1_014_TX_1_evaluation,FOODS_1_014,FOODS_1,FOODS,TX_1,TX,d_2,0,2,2011-01-30,11101,Sunday,2,1,2011,,,,,0,0,0,0.98
FOODS_1_015_TX_1_evaluation,FOODS_1_015,FOODS_1,FOODS,TX_1,TX,d_2,0,2,2011-01-30,11101,Sunday,2,1,2011,,,,,0,0,0,2.78
FOODS_1_016_TX_1_evaluation,FOODS_1_016,FOODS_1,FOODS,TX_1,TX,d_2,0,2,2011-01-30,11101,Sunday,2,1,2011,,,,,0,0,0,1.96
FOODS_1_017_TX_1_evaluation,FOODS_1_017,FOODS_1,FOODS,TX_1,TX,d_2,0,2,2011-01-30,11101,Sunday,2,1,2011,,,,,0,0,0,2.68
FOODS_1_018_TX_1_evaluation,FOODS_1_018,FOODS_1,FOODS,TX_1,TX,d_2,1,2,2011-01-30,11101,Sunday,2,1,2011,,,,,0,0,0,0.92
FOODS_1_019_TX_1_evaluation,FOODS_1_019,FOODS_1,FOODS,TX_1,TX,d_2,11,2,2011-01-30,11101,Sunday,2,1,2011,,,,,0,0,0,0.97
FOODS_1_020_TX_1_evaluation,FOODS_1_020,FOODS_1,FOODS,TX_1,TX,d_2,0,2,2011-01-30,11101,Sunday,2,1,2011,,,,,0,0,0,2.5
FOODS_1_021_TX_1_evaluation,FOODS_1_021,FOODS_1,FOODS,TX_1,TX,d_2,0,2,2011-01-30,11101,Sunday,2,1,2011,,,,,0,0,0,0.98
FOODS_1_022_TX_1_evaluation,FOODS_1_022,FOODS_1,FOODS,TX_1,TX,d_2,0,2,2011-01-30,11101,Sunday,2,1,2011,,,,,0,0,0,5.79
FOODS_1_023_TX_1_evaluation,FOODS_1_023,FOODS_1,FOODS,TX_1,TX,d_2,0,2,2011-01-30,11101,Sunday,2,1,2011,,,,,0,0,0,6.71
FOODS_1_024_TX_1_evaluation,FOODS_1_024,FOODS_1,FOODS,TX_1,TX,d_2,1,2,2011-01-30,11101,Sunday,2,1,2011,,,,,0,0,0,3.97
FOODS_1_025_TX_1_evaluation,FOODS_1_025,FOODS_1,FOODS,TX_1,TX,d_2,0,2,2011-01-30,11101,Sunday,2,1,2011,,,,,0,0,0,3.94
FOODS_1_026_TX_1_evaluation,FOODS_1_026,FOODS_1,FOODS,TX_1,TX,d_2,0,2,2011-01-30,11101,Sunday,2,1,2011,,,,,0,0,0,6.38
FOODS_1_027_TX_1_evaluation,FOODS_1_027,FOODS_1,FOODS,TX_1,TX,d_2,0,2,2011-01-30,11101,Sunday,2,1,2011,,,,,0,0,0,1.78
FOODS_1_028_TX_1_evaluation,FOODS_1_028,FOODS_1,FOODS,TX_1,TX,d_2,0,2,2011-01-30,11101,Sunday,2,1,2011,,,,,0,0,0,2.48
FOODS_1_029_TX_1_evaluation,FOODS_1_029,FOODS_1,FOODS,TX_1,TX,d_2,0,2,2011-01-30,11101,Sunday,2,1,2011,,,,,0,0,0,3.18
FOODS_1_030_TX_1_evaluation,FOODS_1_030,FOODS_1,FOODS,TX_1,TX,d_2,0,2,2011-01-30,11101,Sunday,2,1,2011,,,,,0,0,0,2.78
FOODS_1_031_TX_1_evaluation,FOODS_1_031,FOODS_1,FOODS,TX_1,TX,d_2,3,2,2011-01-30,11101,Sunday,2,1,2011,,,,,0,0,0,2.94
FOODS_1_032_TX_1_evaluation,FOODS_1_032,FOODS_1,FOODS,TX_1,TX,d_2,0,2,2011-01-30,11101,Sunday,2,1,2011,,,,,0,0,0,0.92
FOODS_1_033_TX_1_evaluation,FOODS_1_033,FOODS_1,FOODS,TX_1,TX,d_2,0,2,2011-01-30,11101,Sunday,2,1,2011,,,,,0,0,0,5.79
FOODS_1_034_TX_1_evaluation,FOODS_1_034,FOODS_1,FOODS,TX_1,TX,d_2,0,2,2011-01-30,11101,Sunday,2,1,2011,,,,,0,0,0,6.05
FOODS_1_035_TX_1_evaluation,FOODS_1_035,FOODS_1,FOODS,TX_1,TX,d_2,0,2,2011-01-30,11101,Sunday,2,1,2011,,,,,0,0,0,2.28
FOODS_1_036_TX_1_evaluation,FOODS_1_036,FOODS_1,FOODS,TX_1,TX,d_2,3,2,2011-01-30,11101,Sunday,2,1,2011,,,,,0,0,0,1.5
FOODS_1_037_TX_1_evaluation,FOODS_1_037,FOODS_1,FOODS,TX_1,TX,d_2,0,2,2011-01-30,11101,Sunday,2,1,2011,,,,,0,0,0,2.97
FOODS_1_038_TX_1_evaluation,FOODS_1_038,FOODS_1,FOODS,TX_1,TX,d_2,0,2,2011-01-30,11101,Sunday,2,1,2011,,,,,0,0,0,7.97
FOODS_1_039_TX_1_evaluation,FOODS_1_039,FOODS_1,FOODS,TX_1,TX,d_2,0,2,2011-01-30,11101,Sunday,2,1,2011,,,,,0,0,0,2.48
FOODS_1_040_TX_1_evaluation,FOODS_1_040,FOODS_1,FOODS,TX_1,TX,d_2,4,2,2011-01-30,11101,Sunday,2,1,2011,,,,,0,0,0,1.76
FOODS_1_041_TX_1_evaluation,FOODS_1_041,FOODS_1,FOODS,TX_1,TX,d_2,0,2,2011-01-30,11101,Sunday,2,1,2011,,,,,0,0,0,2.12
FOODS_1_042_TX_1_evaluation,FOODS_1_042,FOODS_1,FOODS,TX_1,TX,d_2,0,2,2011-01-30,11101,Sunday,2,1,2011,,,,,0,0,0,0.98
FOODS_1_043_TX_1_evaluation,FOODS_1_043,FOODS_1,FOODS,TX_1,TX,d_2,0,2,2011-01-30,11101,Sunday,2,1,2011,,,,,0,0,0,1.78
FOODS_1_044_TX_1_evaluation,FOODS_1_044,FOODS_1,FOODS,TX_1,TX,d_2,6,2,2011-01-30,11101,Sunday,2,1,2011,,,,,0,0,0,2.5
FOODS_1_045_TX_1_evaluation,FOODS_1_045,FOODS_1,FOODS,TX_1,TX,d_2,0,2,2011-01-30,11101,Sunday,2,1,2011,,,,,0,0,0,1.76
FOODS_1_046_TX_1_evaluation,FOODS_1_046,FOODS_1,FOODS,TX_1,TX,d_2,2,2,2011-01-30,11101,Sunday,2,1,2011,,,,,0,0,0,0.92
FOODS_1_047_TX_1_evaluation,FOODS_1_047,FOODS_1,FOODS,TX_1,TX,d_2,3,2,2011-01-30,11101,Sunday,2,1,2011,,,,,0,0,0,2.94
FOODS_1_048_TX_1_evaluation,FOODS_1_048,FOODS_1,FOODS,TX_1,TX,d_2,0,2,2011-01-30,11101,Sunday,2,1,2011,,,,,0,0,0,5.98
FOODS_1_049_TX_1_evaluation,FOODS_1_049,FOODS_1,FOODS,TX_1,TX,d_2,2,2,2011-01-30,11101,Sunday,2,1,2011,,,,,0,0,0,2.18
FOODS_1_050_TX_1_evaluation,FOODS_1_050,FOODS_1,FOODS,TX_1,TX,d_2,0,2,2011-01-30,11101,Sunday,2,1,2011,,,,,0,0,0,5.98
FOODS_1_051_TX_1_evaluation,FOODS_1_051,FOODS_1,FOODS,TX_1,TX,d_2,0,2,2011-01-30,11101,Sunday,2,1,2011,,,,,0,0,0,3.87
FOODS_1_052_TX_1_evaluation,FOODS_1_052,FOODS_1,FOODS,TX_1,TX,d_2,0,2,2011-01-30,11101,Sunday,2,1,2011,,,,,0,0,0,0.98
FOODS_1_053_TX_1_evaluation,FOODS_1_053,FOODS_1,FOODS,TX_1,TX,d_2,0,2,2011-01-30,11101,Sunday,2,1,2011,,,,,0,0,0,6.28
FOODS_1_054_TX_1_evaluation,FOODS_1_054,FOODS_1,FOODS,TX_1,TX,d_2,2,2,2011-01-30,11101,Sunday,2,1,2011,,,,,0,0,0,1.68
FOODS_1_055_TX_1_evaluation,FOODS_1_055,FOODS_1,FOODS,TX_1,TX,d_2,9,2,2011-01-30,11101,Sunday,2,1,2011,,,,,0,0,0,3.12
FOODS_1_056_TX_1_evaluation,FOODS_1_056,FOODS_1,FOODS,TX_1,TX,d_2,0,2,2011-01-30,11101,Sunday,2,1,2011,,,,,0,0,0,2.24
FOODS_1_057_TX_1_evaluation,FOODS_1_057,FOODS_1,FOODS,TX_1,TX,d_2,0,2,2011-01-30,11101,Sunday,2,1,2011,,,,,0,0,0,2.68
FOODS_1_058_TX_1_evaluation,FOODS_1_058,FOODS_1,FOODS,TX_1,TX,d_2,0,2,2011-01-30,11101,Sunday,2,1,2011,,,,,0,0,0,1.78
FOODS_1_059_TX_1_evaluation,FOODS_1_059,FOODS_1,FOODS,TX_1,TX,d_2,0,2,2011-01-30,11101,Sunday,2,1,2011,,,,,0,0,0,6.71
FOODS_1_060_TX_1_evaluation,FOODS_1_060,FOODS_1,FOODS,TX_1,TX,d_2,0,2,2011-01-30,11101,Sunday,2,1,2011,,,,,0,0,0,1.68
FOODS_1_061_TX_1_evaluation,FOODS_1_061,FOODS_1,FOODS,TX_1,TX,d_2,5,2,2011-01-30,11101,Sunday,2,1,2011,,,,,0,0,0,2.0
FOODS_1_062_TX_1_evaluation,FOODS_1_062,FOODS_1,FOODS,TX_1,TX,d_2,2,2,2011-01-30,11101,Sunday,2,1,2011,,,,,0,0,0,3.18
FOODS_1_063_TX_1_evaluation,FOODS_1_063,FOODS_1,FOODS,TX_1,TX,d_2,2,2,2011-01-30,11101,Sunday,2,1,2011,,,,,0,0,0,1.97
FOODS_1_064_TX_1_evaluation,FOODS_1_064,FOODS_1,FOODS,TX_1,TX,d_2,0,2,2011-01-30,11101,Sunday,2,1,2011,,,,,0,0,0,2.54
FOODS_1_065_TX_1_evaluation,FOODS_1_065,FOODS_1,FOODS,TX_1,TX,d_2,0,2,2011-01-30,11101,Sunday,2,1,2011,,,,,0,0,0,2.94
FOODS_1_066_TX_1_evaluation,FOODS_1_066,FOODS_1,FOODS,TX_1,TX,d_2,1,2,2011-01-30,11101,Sunday,2,1,2011,,,,,0,0,0,1.33
FOODS_1_067_TX_1_evaluation,FOODS_1_067,FOODS_1,FOODS,TX_1,TX,d_2,0,2,2011-01-30,11101,Sunday,2,1,2011,,,,,0,0,0,1.97
FOODS_1_068_TX_1_evaluation,FOODS_1_068,FOODS_1,FOODS,TX_1,TX,d_2,0,2,2011-01-30,11101,Sunday,2,1,2011,,,,,0,0,0,3.58
FOODS_1_069_TX_1_evaluation,FOODS_1_069,FOODS_1,FOODS,TX_1,TX,d_2,0,2,2011-01-30,11101,Sunday,2,1,2011,,,,,0,0,0,2.18
FOODS_1_070_TX_1_evaluation,FOODS_1_070,FOODS_1,FOODS,TX_1,TX,d_2,0,2,2011-01-30,11101,Sunday,2,1,2011,,,,,0,0,0,0.98
FOODS_1_071_TX_1_evaluation,FOODS_1_071,FOODS_1,FOODS,TX_1,TX,d_2,0,2,2011-01-30,11101,Sunday,2,1,2011,,,,,0,0,0,1.97
FOODS_1_072_TX_1_evaluation,FOODS_1_072,FOODS_1,FOODS,TX_1,TX,d_2,0,2,2011-01-30,11101,Sunday,2,1,2011,,,,,0,0,0,3.97
FOODS_1_073_TX_1_evaluation,FOODS_1_073,FOODS_1,FOODS,TX_1,TX,d_2,0,2,2011-01-30,11101,Sunday,2,1,2011,,,,,0,0,0,1.76
FOODS_1_074_TX_1_evaluation,FOODS_1_074,FOODS_1,FOODS,TX_1,TX,d_2,0,2,2011-01-30,11101,Sunday,2,1,2011,,,,,0,0,0,2.12
FOODS_1_075_TX_1_evaluation,FOODS_1_075,FOODS_1,FOODS,TX_1,TX,d_2,0,2,2011-01-30,11101,Sunday,2,1,2011,,,,,0,0,0,2.94
FOODS_1_076_TX_1_evaluation,FOODS_1_076,FOODS_1,FOODS,TX_1,TX,d_2,1,2,2011-01-30,11101,Sunday,2,1,2011,,,,,0,0,0,6.28
FOODS_1_077_TX_1_evaluation,FOODS_1_077,FOODS_1,FOODS,TX_1,TX,d_2,0,2,2011-01-30,11101,Sunday,2,1,2011,,,,,0,0,0,2.97
FOODS_1_078_TX_1_evaluation,FOODS_1_078,FOODS_1,FOODS,TX_1,TX,d_2,0,2,2011-01-30,11101,Sunday,2,1,2011,,,,,0,0,0,3.24
FOODS_1_079_TX_1_evaluation,FOODS_1_079,FOODS_1,FOODS,TX_1,TX,d_2,0,2,2011-01-30,11101,Sunday,2,1,2011,,,,,0,0,0,5.57
FOODS_1_080_TX_1_evaluation,FOODS_1_080,FOODS_1,FOODS,TX_1,TX,d_2,0,2,2011-01-30,11101,Sunday,2,1,2011,,,,,0,0,0,6.97
FOODS_1_081_TX_1_evaluation,FOODS_1_081,FOODS_1,FOODS,TX_1,TX,d_2,0,2,2011-01-30,11101,Sunday,2,1,2011,,,,,0,0,0,6.71
FOODS_1_082_TX_1_evaluation,FOODS_1_082,FOODS_1,FOODS,TX_1,TX,d_2,0,2,2011-01-30,11101,Sunday,2,1,2011,,,,,0,0,0,0.98
FOODS_1_083_TX_1_evaluation,FOODS_1_083,FOODS_1,FOODS,TX_1,TX,d_2,1,2,2011-01-30,11101,Sunday,2,1,2011,,,,,0,0,0,1.97
FOODS_1_084_TX_1_evaluation,FOODS_1_084,FOODS_1,FOODS,TX_1,TX,d_2,0,2,2011-01-30,11101,Sunday,2,1,2011,,,,,0,0,0,6.0
FOODS_1_085_TX_1_evaluation,FOODS_1_085,FOODS_1,FOODS,TX_1,TX,d_2,0,2,2011-01-30,11101,Sunday,2,1,2011,,,,,0,0,0,0.92
FOODS_1_086_TX_1_evaluation,FOODS_1_086,FOODS_1,FOODS,TX_1,TX,d_2,0,2,2011-01-30,11101,Sunday,2,1,2011,,,,,0,0,0,1.48
FOODS_1_087_TX_1_evaluation,FOODS_1_087,FOODS_1,FOODS,TX_1,TX,d_2,0,2,2011-01-30,11101,Sunday,2,1,2011,,,,,0,0,0,6.71
FOODS_1_088_TX_1_evaluation,FOODS_1_088,FOODS_1,FOODS,TX_1,TX,d_2,1,2,2011-01-30,11101,Sunday,2,1,2011,,,,,0,0,0,3.97
FOODS_1_089_TX_1_evaluation,FOODS_1_089,FOODS_1,FOODS,TX_1,TX,d_2,0,2,2011-01-30,11101,Sunday,2,1,2011,,,,,0,0,0,3.24
FOODS_1_090_TX_1_evaluation,FOODS_1_090,FOODS_1,FOODS,TX_1,TX,d_2,0,2,2011-01-30,11101,Sunday,2,1,2011,,,,,0,0,0,2.94
FOODS_1_091_TX_1_evaluation,FOODS_1_091,FOODS_1,FOODS,TX_1,TX,d_2,0,2,2011-01-30,11101,Sunday,2,1,2011,,,,,0,0,0,2.38
FOODS_1_092_TX_1_evaluation,FOODS_1_092,FOODS_1,FOODS,TX_1,TX,d_2,0,2,2011-01-30,11101,Sunday,2,1,2011,,,,,0,0,0,1.78
FOODS_1_093_TX_1_evaluation,FOODS_1_093,FOODS_1,FOODS,TX_1,TX,d_2,0,2,2011-01-30,11101,Sunday,2,1,2011,,,,,0,0,0,6.71
FOODS_1_094_TX_1_evaluation,FOODS_1_094,FOODS_1,FOODS,TX_1,TX,d_2,0,2,2011-01-30,11101,Sunday,2,1,2011,,,,,0,0,0,2.94
FOODS_1_095_TX_1_evaluation,FOODS_1_095,FOODS_1,FOODS,TX_1,TX,d_2,1,2,2011-01-30,11101,Sunday,2,1,2011,,,,,0,0,0,3.72
FOODS_1_096_TX_1_evaluation,FOODS_1_096,FOODS_1,FOODS,TX_1,TX,d_2,0,2,2011-01-30,11101,Sunday,2,1,2011,,,,,0,0,0,6.91
FOODS_1_097_TX_1_evaluation,FOODS_1_097,FOODS_1,FOODS,TX_1,TX,d_2,0,2,2011-01-30,11101,Sunday,2,1,2011,,,,,0,0,0,0.98
FOODS_1_098_TX_1_evaluation,FOODS_1_098,FOODS_1,FOODS,TX_1,TX,d_2,0,2,2011-01-30,11101,Sunday,2,1,2011,,,,,0,0,0,6.58
FOODS_1_099_TX_1_evaluation,FOODS_1_099,FOODS_1,FOODS,TX_1,TX,d_2,0,2,2011-01-30,11101,Sunday,2,1,2011,,,,,0,0,0,0.98
FOODS_1_101_TX_1_evaluation,FOODS_1_101,FOODS_1,FOODS,TX_1,TX,d_2,0,2,2011-01-30,11101,Sunday,2,1,2011,,,,,0,0,0,1.97
FOODS_1_102_TX_1_evaluation,FOODS_1_102,FOODS_1,FOODS,TX_1,TX,d_2,1,2,2011-01-30,11101,Sunday,2,1,2011,,,,,0,0,0,1.5
FOODS_1_103_TX_1_evaluation,FOODS_1_103,FOODS_1,FOODS,TX_1,TX,d_2,1,2,2011-01-30,11101,Sunday,2,1,2011,,,,,0,0,0,3.18
FOODS_1_104_TX_1_evaluation,FOODS_1_104,FOODS_1,FOODS,TX_1,TX,d_2,2,2,2011-01-30,11101,Sunday,2,1,2011,,,,,0,0,0,2.94
FOODS_1_105_TX_1_evaluation,FOODS_1_105,FOODS_1,FOODS,TX_1,TX,d_2,0,2,2011-01-30,11101,Sunday,2,1,2011,,,,,0,0,0,1.88
FOODS_1_106_TX_1_evaluation,FOODS_1_106,FOODS_1,FOODS,TX_1,TX,d_2,5,2,2011-01-30,11101,Sunday,2,1,2011,,,,,0,0,0,2.94
FOODS_1_107_TX_1_evaluation,FOODS_1_107,FOODS_1,FOODS,TX_1,TX,d_2,0,2,2011-01-30,11101,Sunday,2,1,2011,,,,,0,0,0,6.0
FOODS_1_108_TX_1_evaluation,FOODS_1_108,FOODS_1,FOODS,TX_1,TX,d_2,2,2,2011-01-30,11101,Sunday,2,1,2011,,,,,0,0,0,2.5
FOODS_1_109_TX_1_evaluation,FOODS_1_109,FOODS_1,FOODS,TX_1,TX,d_2,0,2,2011-01-30,11101,Sunday,2,1,2011,,,,,0,0,0,2.0
FOODS_1_110_TX_1_evaluation,FOODS_1_110,FOODS_1,FOODS,TX_1,TX,d_2,0,2,2011-01-30,11101,Sunday,2,1,2011,,,,,0,0,0,1.78
FOODS_1_111_TX_1_evaluation,FOODS_1_111,FOODS_1,FOODS,TX_1,TX,d_2,0,2,2011-01-30,11101,Sunday,2,1,2011,,,,,0,0,0,5.98
FOODS_1_112_TX_1_evaluation,FOODS_1_112,FOODS_1,FOODS,TX_1,TX,d_2,0,2,2011-01-30,11101,Sunday,2,1,2011,,,,,0,0,0,1.98
FOODS_1_113_TX_1_evaluation,FOODS_1_113,FOODS_1,FOODS,TX_1,TX,d_2,0,2,2011-01-30,11101,Sunday,2,1,2011,,,,,0,0,0,0.98
FOODS_1_114_TX_1_evaluation,FOODS_1_114,FOODS_1,FOODS,TX_1,TX,d_2,0,2,2011-01-30,11101,Sunday,2,1,2011,,,,,0,0,0,2.94
FOODS_1_115_TX_1_evaluation,FOODS_1_115,FOODS_1,FOODS,TX_1,TX,d_2,0,2,2011-01-30,11101,Sunday,2,1,2011,,,,,0,0,0,3.58
FOODS_1_116_TX_1_evaluation,FOODS_1_116,FOODS_1,FOODS,TX_1,TX,d_2,1,2,2011-01-30,11101,Sunday,2,1,2011,,,,,0,0,0,2.18
FOODS_1_117_TX_1_evaluation,FOODS_1_117,FOODS_1,FOODS,TX_1,TX,d_2,0,2,2011-01-30,11101,Sunday,2,1,2011,,,,,0,0,0,2.0
FOODS_1_118_TX_1_evaluation,FOODS_1_118,FOODS_1,FOODS,TX_1,TX,d_2,0,2,2011-01-30,11101,Sunday,2,1,2011,,,,,0,0,0,0.98
FOODS_1_119_TX_1_evaluation,FOODS_1_119,FOODS_1,FOODS,TX_1,TX,d_2,1,2,2011-01-30,11101,Sunday,2,1,2011,,,,,0,0,0,2.94
FOODS_1_120_TX_1_evaluation,FOODS_1_120,FOODS_1,FOODS,TX_1,TX,d_2,0,2,2011-01-30,11101,Sunday,2,1,2011,,,,,0,0,0,1.78
FOODS_1_121_TX_1_evaluation,FOODS_1_121,FOODS_1,FOODS,TX_1,TX,d_2,0,2,2011-01-30,11101,Sunday,2,1,2011,,,,,0,0,0,1.0
FOODS_1_122_TX_1_evaluation,FOODS_1_122,FOODS_1,FOODS,TX_1,TX,d_2,0,2,2011-01-30,11101,Sunday,2,1,2011,,,,,0,0,0,1.98
FOODS_1_123_TX_1_evaluation,FOODS_1_123,FOODS_1,FOODS,TX_1,TX,d_2,2,2,2011-01-30,11101,Sunday,2,1,2011,,,,,0,0,0,2.28
FOODS_1_124_TX_1_evaluation,FOODS_1_124,FOODS_1,FOODS,TX_1,TX,d_2,0,2,2011-01-30,11101,Sunday,2,1,2011,,,,,0,0,0,2.0
FOODS_1_125_TX_1_evaluation,FOODS_1_125,FOODS_1,FOODS,TX_1,TX,d_2,0,2,2011-01-30,11101,Sunday,2,1,2011,,,,,0,0,0,4.98
FOODS_1_126_TX_1_evaluation,FOODS_1_126,FOODS_1,FOODS,TX_1,TX,d_2,0,2,2011-01-30,11101,Sunday,2,1,2011,,,,,0,0,0,2.68
FOODS_1_127_TX_1_evaluation,FOODS_1_127,FOODS_1,FOODS,TX_1,TX,d_2,3,2,2011-01-30,11101,Sunday,2,1,2011,,,,,0,0,0,1.76
FOODS_1_128_TX_1_evaluation,FOODS_1_128,FOODS_1,FOODS,TX_1,TX,d_2,2,2,2011-01-30,11101,Sunday,2,1,2011,,,,,0,0,0,3.18
FOODS_1_129_TX_1_evaluation,FOODS_1_129,FOODS_1,FOODS,TX_1,TX,d_2,0,2,2011-01-30,11101,Sunday,2,1,2011,,,,,0,0,0,6.91
FOODS_1_130_TX_1_evaluation,FOODS_1_130,FOODS_1,FOODS,TX_1,TX,d_2,0,2,2011-01-30,11101,Sunday,2,1,2011,,,,,0,0,0,1.5
FOODS_1_131_TX_1_evaluation,FOODS_1_131,FOODS_1,FOODS,TX_1,TX,d_2,0,2,2011-01-30,11101,Sunday,2,1,2011,,,,,0,0,0,2.78
FOODS_1_132_TX_1_evaluation,FOODS_1_132,FOODS_1,FOODS,TX_1,TX,d_2,0,2,2011-01-30,11101,Sunday,2,1,2011,,,,,0,0,0,1.78
FOODS_1_133_TX_1_evaluation,FOODS_1_133,FOODS_1,FOODS,TX_1,TX,d_2,0,2,2011-01-30,11101,Sunday,2,1,2011,,,,,0,0,0,2.78
FOODS_1_134_TX_1_evaluation,FOODS_1_134,FOODS_1,FOODS,TX_1,TX,d_2,0,2,2011-01-30,11101,Sunday,2,1,2011,,,,,0,0,0,1.98
FOODS_1_135_TX_1_evaluation,FOODS_1_135,FOODS_1,FOODS,TX_1,TX,d_2,1,2,2011-01-30,11101,Sunday,2,1,2011,,,,,0,0,0,2.18
FOODS_1_136_TX_1_evaluation,FOODS_1_136,FOODS_1,FOODS,TX_1,TX,d_2,0,2,2011-01-30,11101,Sunday,2,1,2011,,,,,0,0,0,3.97
FOODS_1_137_TX_1_evaluation,FOODS_1_137,FOODS_1,FOODS,TX_1,TX,d_2,1,2,2011-01-30,11101,Sunday,2,1,2011,,,,,0,0,0,1.97
FOODS_1_138_TX_1_evaluation,FOODS_1_138,FOODS_1,FOODS,TX_1,TX,d_2,0,2,2011-01-30,11101,Sunday,2,1,2011,,,,,0,0,0,2.18
FOODS_1_139_TX_1_evaluation,FOODS_1_139,FOODS_1,FOODS,TX_1,TX,d_2,0,2,2011-01-30,11101,Sunday,2,1,2011,,,,,0,0,0,0.98
FOODS_1_140_TX_1_evaluation,FOODS_1_140,FOODS_1,FOODS,TX_1,TX,d_2,0,2,2011-01-30,11101,Sunday,2,1,2011,,,,,0,0,0,6.38
FOODS_1_141_TX_1_evaluation,FOODS_1_141,FOODS_1,FOODS,TX_1,TX,d_2,0,2,2011-01-30,11101,Sunday,2,1,2011,,,,,0,0,0,2.94
FOODS_1_142_TX_1_evaluation,FOODS_1_142,FOODS_1,FOODS,TX_1,TX,d_2,0,2,2011-01-30,11101,Sunday,2,1,2011,,,,,0,0,0,1.25
FOODS_1_143_TX_1_evaluation,FOODS_1_143,FOODS_1,FOODS,TX_1,TX,d_2,0,2,2011-01-30,11101,Sunday,2,1,2011,,,,,0,0,0,1.97
FOODS_1_144_TX_1_evaluation,FOODS_1_144,FOODS_1,FOODS,TX_1,TX,d_2,0,2,2011-01-30,11101,Sunday,2,1,2011,,,,,0,0,0,6.68
FOODS_1_145_TX_1_evaluation,FOODS_1_145,FOODS_1,FOODS,TX_1,TX,d_2,0,2,2011-01-30,11101,Sunday,2,1,2011,,,,,0,0,0,0.98
FOODS_1_146_TX_1_evaluation,FOODS_1_146,FOODS_1,FOODS,TX_1,TX,d_2,3,2,2011-01-30,11101,Sunday,2,1,2011,,,,,0,0,0,2.12
FOODS_1_147_TX_1_evaluation,FOODS_1_147,FOODS_1,FOODS,TX_1,TX,d_2,0,2,2011-01-30,11101,Sunday,2,1,2011,,,,,0,0,0,5.72
FOODS_1_148_TX_1_evaluation,FOODS_1_148,FOODS_1,FOODS,TX_1,TX,d_2,0,2,2011-01-30,11101,Sunday,2,1,2011,,,,,0,0,0,5.72
FOODS_1_149_TX_1_evaluation,FOODS_1_149,FOODS_1,FOODS,TX_1,TX,d_2,0,2,2011-01-30,11101,Sunday,2,1,2011,,,,,0,0,0,0.98
FOODS_1_150_TX_1_evaluation,FOODS_1_150,FOODS_1,FOODS,TX_1,TX,d_2,0,2,2011-01-30,11101,Sunday,2,1,2011,,,,,0,0,0,3.97
FOODS_1_151_TX_1_evaluation,FOODS_1_151,FOODS_1,FOODS,TX_1,TX,d_2,0,2,2011-01-30,11101,Sunday,2,1,2011,,,,,0,0,0,9.98
FOODS_1_152_TX_1_evaluation,FOODS_1_152,FOODS_1,FOODS,TX_1,TX,d_2,1,2,2011-01-30,11101,Sunday,2,1,2011,,,,,0,0,0,6.98
FOODS_1_153_TX_1_evaluation,FOODS_1_153,FOODS_1,FOODS,TX_1,TX,d_2,0,2,2011-01-30,11101,Sunday,2,1,2011,,,,,0,0,0,1.68
FOODS_1_154_TX_1_evaluation,FOODS_1_154,FOODS_1,FOODS,TX_1,TX,d_2,4,2,2011-01-30,11101,Sunday,2,1,2011,,,,,0,0,0,1.25
FOODS_1_155_TX_1_evaluation,FOODS_1_155,FOODS_1,FOODS,TX_1,TX,d_2,0,2,2011-01-30,11101,Sunday,2,1,2011,,,,,0,0,0,0.98
FOODS_1_156_TX_1_evaluation,FOODS_1_156,FOODS_1,FOODS,TX_1,TX,d_2,0,2,2011-01-30,11101,Sunday,2,1,2011,,,,,0,0,0,2.68
FOODS_1_157_TX_1_evaluation,FOODS_1_157,FOODS_1,FOODS,TX_1,TX,d_2,0,2,2011-01-30,11101,Sunday,2,1,2011,,,,,0,0,0,4.46
FOODS_1_158_TX_1_evaluation,FOODS_1_158,FOODS_1,FOODS,TX_1,TX,d_2,0,2,2011-01-30,11101,Sunday,2,1,2011,,,,,0,0,0,4.98
FOODS_1_159_TX_1_evaluation,FOODS_1_159,FOODS_1,FOODS,TX_1,TX,d_2,0,2,2011-01-30,11101,Sunday,2,1,2011,,,,,0,0,0,4.46
FOODS_1_160_TX_1_evaluation,FOODS_1_160,FOODS_1,FOODS,TX_1,TX,d_2,0,2,2011-01-30,11101,Sunday,2,1,2011,,,,,0,0,0,2.24
FOODS_1_161_TX_1_evaluation,FOODS_1_161,FOODS_1,FOODS,TX_1,TX,d_2,0,2,2011-01-30,11101,Sunday,2,1,2011,,,,,0,0,0,0.92
FOODS_1_162_TX_1_evaluation,FOODS_1_162,FOODS_1,FOODS,TX_1,TX,d_2,0,2,2011-01-30,11101,Sunday,2,1,2011,,,,,0,0,0,1.78
FOODS_1_163_TX_1_evaluation,FOODS_1_163,FOODS_1,FOODS,TX_1,TX,d_2,0,2,2011-01-30,11101,Sunday,2,1,2011,,,,,0,0,0,0.98
FOODS_1_164_TX_1_evaluation,FOODS_1_164,FOODS_1,FOODS,TX_1,TX,d_2,0,2,2011-01-30,11101,Sunday,2,1,2011,,,,,0,0,0,6.71
FOODS_1_166_TX_1_evaluation,FOODS_1_166,FOODS_1,FOODS,TX_1,TX,d_2,13,2,2011-01-30,11101,Sunday,2,1,2011,,,,,0,0,0,2.0
FOODS_1_167_TX_1_evaluation,FOODS_1_167,FOODS_1,FOODS,TX_1,TX,d_2,0,2,2011-01-30,11101,Sunday,2,1,2011,,,,,0,0,0,3.97
FOODS_1_168_TX_1_evaluation,FOODS_1_168,FOODS_1,FOODS,TX_1,TX,d_2,2,2,2011-01-30,11101,Sunday,2,1,2011,,,,,0,0,0,2.0
FOODS_1_169_TX_1_evaluation,FOODS_1_169,FOODS_1,FOODS,TX_1,TX,d_2,0,2,2011-01-30,11101,Sunday,2,1,2011,,,,,0,0,0,2.68
FOODS_1_170_TX_1_evaluation,FOODS_1_170,FOODS_1,FOODS,TX_1,TX,d_2,0,2,2011-01-30,11101,Sunday,2,1,2011,,,,,0,0,0,6.71
FOODS_1_171_TX_1_evaluation,FOODS_1_171,FOODS_1,FOODS,TX_1,TX,d_2,0,2,2011-01-30,11101,Sunday,2,1,2011,,,,,0,0,0,6.71
FOODS_1_172_TX_1_evaluation,FOODS_1_172,FOODS_1,FOODS,TX_1,TX,d_2,5,2,2011-01-30,11101,Sunday,2,1,2011,,,,,0,0,0,1.54
FOODS_1_173_TX_1_evaluation,FOODS_1_173,FOODS_1,FOODS,TX_1,TX,d_2,0,2,2011-01-30,11101,Sunday,2,1,2011,,,,,0,0,0,1.97
FOODS_1_174_TX_1_evaluation,FOODS_1_174,FOODS_1,FOODS,TX_1,TX,d_2,0,2,2011-01-30,11101,Sunday,2,1,2011,,,,,0,0,0,3.97
FOODS_1_175_TX_1_evaluation,FOODS_1_175,FOODS_1,FOODS,TX_1,TX,d_2,0,2,2011-01-30,11101,Sunday,2,1,2011,,,,,0,0,0,2.88
FOODS_1_176_TX_1_evaluation,FOODS_1_176,FOODS_1,FOODS,TX_1,TX,d_2,0,2,2011-01-30,11101,Sunday,2,1,2011,,,,,0,0,0,2.97
FOODS_1_177_TX_1_evaluation,FOODS_1_177,FOODS_1,FOODS,TX_1,TX,d_2,0,2,2011-01-30,11101,Sunday,2,1,2011,,,,,0,0,0,7.97
FOODS_1_178_TX_1_evaluation,FOODS_1_178,FOODS_1,FOODS,TX_1,TX,d_2,1,2,2011-01-30,11101,Sunday,2,1,2011,,,,,0,0,0,8.97
FOODS_1_179_TX_1_evaluation,FOODS_1_179,FOODS_1,FOODS,TX_1,TX,d_2,0,2,2011-01-30,11101,Sunday,2,1,2011,,,,,0,0,0,3.58
FOODS_1_180_TX_1_evaluation,FOODS_1_180,FOODS_1,FOODS,TX_1,TX,d_2,0,2,2011-01-30,11101,Sunday,2,1,2011,,,,,0,0,0,8.88
FOODS_1_181_TX_1_evaluation,FOODS_1_181,FOODS_1,FOODS,TX_1,TX,d_2,0,2,2011-01-30,11101,Sunday,2,1,2011,,,,,0,0,0,1.28
FOODS_1_182_TX_1_evaluation,FOODS_1_182,FOODS_1,FOODS,TX_1,TX,d_2,0,2,2011-01-30,11101,Sunday,2,1,2011,,,,,0,0,0,1.97
FOODS_1_183_TX_1_evaluation,FOODS_1_183,FOODS_1,FOODS,TX_1,TX,d_2,3,2,2011-01-30,11101,Sunday,2,1,2011,,,,,0,0,0,2.88
FOODS_1_184_TX_1_evaluation,FOODS_1_184,FOODS_1,FOODS,TX_1,TX,d_2,0,2,2011-01-30,11101,Sunday,2,1,2011,,,,,0,0,0,1.0
FOODS_1_185_TX_1_evaluation,FOODS_1_185,FOODS_1,FOODS,TX_1,TX,d_2,0,2,2011-01-30,11101,Sunday,2,1,2011,,,,,0,0,0,2.0
FOODS_1_186_TX_1_evaluation,FOODS_1_186,FOODS_1,FOODS,TX_1,TX,d_2,0,2,2011-01-30,11101,Sunday,2,1,2011,,,,,0,0,0,5.98
FOODS_1_187_TX_1_evaluation,FOODS_1_187,FOODS_1,FOODS,TX_1,TX,d_2,0,2,2011-01-30,11101,Sunday,2,1,2011,,,,,0,0,0,7.97
FOODS_1_188_TX_1_evaluation,FOODS_1_188,FOODS_1,FOODS,TX_1,TX,d_2,0,2,2011-01-30,11101,Sunday,2,1,2011,,,,,0,0,0,2.98
FOODS_1_189_TX_1_evaluation,FOODS_1_189,FOODS_1,FOODS,TX_1,TX,d_2,0,2,2011-01-30,11101,Sunday,2,1,2011,,,,,0,0,0,2.79
FOODS_1_190_TX_1_evaluation,FOODS_1_190,FOODS_1,FOODS,TX_1,TX,d_2,0,2,2011-01-30,11101,Sunday,2,1,2011,,,,,0,0,0,0.98
FOODS_1_191_TX_1_evaluation,FOODS_1_191,FOODS_1,FOODS,TX_1,TX,d_2,0,2,2011-01-30,11101,Sunday,2,1,2011,,,,,0,0,0,5.61
FOODS_1_192_TX_1_evaluation,FOODS_1_192,FOODS_1,FOODS,TX_1,TX,d_2,1,2,2011-01-30,11101,Sunday,2,1,2011,,,,,0,0,0,2.38
FOODS_1_193_TX_1_evaluation,FOODS_1_193,FOODS_1,FOODS,TX_1,TX,d_2,0,2,2011-01-30,11101,Sunday,2,1,2011,,,,,0,0,0,5.72
FOODS_1_194_TX_1_evaluation,FOODS_1_194,FOODS_1,FOODS,TX_1,TX,d_2,1,2,2011-01-30,11101,Sunday,2,1,2011,,,,,0,0,0,3.97
FOODS_1_195_TX_1_evaluation,FOODS_1_195,FOODS_1,FOODS,TX_1,TX,d_2,1,2,2011-01-30,11101,Sunday,2,1,2011,,,,,0,0,0,2.12
FOODS_1_196_TX_1_evaluation,FOODS_1_196,FOODS_1,FOODS,TX_1,TX,d_2,0,2,2011-01-30,11101,Sunday,2,1,2011,,,,,0,0,0,1.97
FOODS_1_197_TX_1_evaluation,FOODS_1_197,FOODS_1,FOODS,TX_1,TX,d_2,1,2,2011-01-30,11101,Sunday,2,1,2011,,,,,0,0,0,3.97
FOODS_1_198_TX_1_evaluation,FOODS_1_198,FOODS_1,FOODS,TX_1,TX,d_2,0,2,2011-01-30,11101,Sunday,2,1,2011,,,,,0,0,0,2.28
FOODS_1_199_TX_1_evaluation,FOODS_1_199,FOODS_1,FOODS,TX_1,TX,d_2,0,2,2011-01-30,11101,Sunday,2,1,2011,,,,,0,0,0,6.71
FOODS_1_200_TX_1_evaluation,FOODS_1_200,FOODS_1,FOODS,TX_1,TX,d_2,0,2,2011-01-30,11101,Sunday,2,1,2011,,,,,0,0,0,0.98
FOODS_1_201_TX_1_evaluation,FOODS_1_201,FOODS_1,FOODS,TX_1,TX,d_2,13,2,2011-01-30,11101,Sunday,2,1,2011,,,,,0,0,0,2.0
FOODS_1_202_TX_1_evaluation,FOODS_1_202,FOODS_1,FOODS,TX_1,TX,d_2,0,2,2011-01-30,11101,Sunday,2,1,2011,,,,,0,0,0,0.98
FOODS_1_203_TX_1_evaluation,FOODS_1_203,FOODS_1,FOODS,TX_1,TX,d_2,0,2,2011-01-30,11101,Sunday,2,1,2011,,,,,0,0,0,2.0
